{"cell_34": [-0.9396926207859084, 0.34202014332566893], "cell_37": [-0.9271838545667873, 0.37460659341591224], "cell_76": [0.981627183447664, 0.1908089953765448], "cell_83": [0.3090169943749475, 0.9510565162951536], "cell_72": [-0.9743700647852352, -0.22495105434386498], "cell_77": [-0.9510565162951535, 0.3090169943749475], "cell_81": [-0.90630778703665, -0.4226182617406993], "cell_67": [0.9876883405951378, 0.15643446504023087], "cell_32": [-0.6819983600624986, -0.7313537016191705], "cell_92": [-0.5150380749100545, -0.8571673007021121], "cell_45": [0.9848077530122081, -0.17364817766693041], "cell_29": [0.34202014332566905, -0.9396926207859083], "cell_43": [-0.3907311284892739, 0.9205048534524404], "cell_38": [0.9925461516413221, -0.12186934340514724], "cell_80": [-0.9781476007338057, 0.2079116908177593], "cell_65": [0.24192189559966742, -0.9702957262759966], "cell_71": [-0.8191520442889917, -0.5735764363510462], "cell_2": [0.9659258262890683, -0.2588190451025207], "cell_68": [-0.984807753012208, -0.17364817766693047], "cell_57": [-0.992546151641322, 0.12186934340514755], "cell_39": [0.5877852522924732, 0.8090169943749473], "cell_66": [0.9986295347545739, -0.052335956242944376]}