{"cell_27": [-0.30901699437494734, 0.9510565162951536], "cell_92": [0.37460659341591196, -0.9271838545667874], "cell_63": [-0.12186934340514717, -0.9925461516413221], "cell_71": [0.913545457642601, -0.40673664307580015], "cell_30": [0.8290375725550418, -0.5591929034707466], "cell_95": [-0.9961946980917455, -0.08715574274765794], "cell_68": [0.9510565162951535, -0.3090169943749476], "cell_73": [-0.29237170472273666, 0.9563047559630355], "cell_54": [0.9902680687415703, -0.13917310096006588], "cell_89": [-0.05233595624294431, -0.9986295347545739], "cell_69": [-0.90630778703665, -0.4226182617406993], "cell_83": [0.7986355100472928, -0.6018150231520483], "cell_39": [-0.9993908270190958, -0.03489949670250089], "cell_61": [0.5735764363510462, 0.8191520442889917], "cell_91": [-0.7431448254773942, -0.6691306063588582], "cell_67": [-0.984807753012208, -0.17364817766693047], "cell_46": [-0.838670567945424, -0.5446390350150271], "cell_51": [-0.9135454576426008, 0.40673664307580043], "cell_45": [0.34202014332566905, -0.9396926207859083], "cell_70": [-0.9902680687415704, -0.13917310096006555], "cell_32": [0.9975640502598242, -0.06975647374412565], "cell_37": [0.981627183447664, 0.1908089953765448], "cell_42": [-0.27563735581699905, 0.9612616959383189], "cell_60": [0.656059028990507, -0.7547095802227722], "cell_59": [-0.12186934340514717, -0.9925461516413221], "cell_77": [-0.9563047559630354, -0.2923717047227368], "cell_84": [-0.08715574274765824, 0.9961946980917455], "cell_82": [-0.9563047559630355, 0.2923717047227366], "cell_87": [-0.6293203910498378, -0.7771459614569706], "cell_33": [0.3583679495453004, -0.9335804264972017]}