{"cell_86": [-0.5150380749100545, -0.8571673007021121], "cell_24": [-0.788010753606722, -0.6156614753256582], "cell_48": [-0.1564344650402308, 0.9876883405951378], "cell_89": [-0.12186934340514717, -0.9925461516413221], "cell_93": [0.0174524064372836, 0.9998476951563913], "cell_43": [-0.8910065241883678, 0.45399049973954686], "cell_58": [0.12186934340514749, 0.9925461516413221], "cell_90": [-0.6691306063588582, 0.7431448254773942], "cell_46": [0.9659258262890683, -0.2588190451025207], "cell_63": [-0.90630778703665, -0.4226182617406993], "cell_36": [-0.90630778703665, -0.4226182617406993], "cell_87": [-0.9702957262759966, -0.24192189559966754], "cell_49": [-0.12186934340514738, 0.9925461516413221], "cell_26": [-0.992546151641322, 0.12186934340514755], "cell_85": [-0.9781476007338057, 0.2079116908177593], "cell_66": [0.8660254037844387, 0.49999999999999994], "cell_72": [-0.9876883405951378, 0.156434465040231], "cell_31": [-0.838670567945424, -0.5446390350150271], "cell_96": [0.37460659341591196, -0.9271838545667874], "cell_38": [0.3907311284892737, 0.9205048534524404], "cell_70": [0.8191520442889916, -0.5735764363510464], "cell_91": [0.5000000000000001, -0.8660254037844387], "cell_33": [0.5877852522924729, -0.8090169943749476], "cell_61": [-0.913545457642601, -0.40673664307580026], "cell_50": [0.6946583704589973, -0.7193398003386512], "cell_37": [-0.544639035015027, -0.838670567945424], "cell_59": [0.48480962024633717, 0.8746197071393957], "cell_39": [0.9902680687415703, -0.13917310096006588], "cell_67": [0.3583679495453004, -0.9335804264972017], "cell_35": [0.01745240643728313, -0.9998476951563913], "cell_81": [-0.788010753606722, -0.6156614753256582], "cell_80": [0.559192903470747, -0.8290375725550416], "cell_28": [0.7313537016191706, 0.6819983600624986], "cell_51": [0.7660444431189779, -0.6427876096865396], "cell_25": [-0.05233595624294431, -0.9986295347545739], "cell_84": [0.29237170472273677, 0.9563047559630354], "cell_88": [-0.8386705679454239, 0.5446390350150273], "cell_65": [-0.9205048534524404, 0.39073112848927377], "cell_69": [-0.7431448254773941, 0.6691306063588585], "cell_53": [0.898794046299167, 0.4383711467890774], "cell_40": [-0.9063077870366499, 0.4226182617406995], "cell_68": [-0.8571673007021123, -0.5150380749100542], "cell_45": [0.9396926207859085, -0.3420201433256686], "cell_60": [0.15643446504023092, 0.9876883405951378], "cell_83": [-0.30901699437494756, -0.9510565162951535], "cell_52": [-0.6427876096865393, 0.7660444431189781], "cell_71": [-0.984807753012208, -0.17364817766693047], "cell_62": [-0.5735764363510464, -0.8191520442889916], "cell_54": [0.7071067811865476, 0.7071067811865475], "cell_74": [-0.848048096156426, 0.5299192642332049], "cell_78": [0.8660254037844387, 0.49999999999999994], "cell_95": [0.01745240643728313, -0.9998476951563913], "cell_79": [-0.8290375725550416, 0.5591929034707469], "cell_41": [-0.20791169081775934, 0.9781476007338057], "cell_77": [0.7880107536067219, 0.6156614753256583], "cell_92": [-0.9781476007338056, -0.2079116908177595], "cell_34": [-0.43837114678907757, 0.898794046299167], "cell_55": [-0.25881904510252063, -0.9659258262890683], "cell_2": [0.7660444431189779, -0.6427876096865396]}