{"cell_86": [0.6427876096865393, -0.7660444431189781], "cell_36": [0.6946583704589974, 0.7193398003386512], "cell_92": [0.9848077530122081, 0.17364817766693036], "cell_97": [-0.05233595624294385, 0.9986295347545739], "cell_48": [0.08715574274765789, -0.9961946980917455], "cell_74": [0.9563047559630353, -0.29237170472273716], "cell_44": [-0.9396926207859084, -0.34202014332566866], "cell_50": [0.7431448254773942, 0.6691306063588582], "cell_93": [0.25881904510252074, 0.9659258262890683], "cell_85": [-0.9945218953682734, -0.10452846326765351], "cell_96": [0.0174524064372836, 0.9998476951563913], "cell_98": [-0.15643446504023106, -0.9876883405951378], "cell_56": [-0.544639035015027, -0.8386705679454242], "cell_73": [0.5446390350150271, 0.838670567945424], "cell_65": [-0.898794046299167, 0.4383711467890773], "cell_95": [-0.8746197071393959, -0.48480962024633695], "cell_80": [-0.9135454576426008, 0.40673664307580043], "cell_105": [0.9975640502598243, 0.06975647374412532], "cell_37": [0.9876883405951378, 0.15643446504023087], "cell_100": [0.6946583704589974, 0.7193398003386512], "cell_84": [-0.9396926207859084, 0.34202014332566893], "cell_46": [-0.754709580222772, 0.6560590289905073]}