{"cell_116": [0.8290375725550418, -0.5591929034707466], "cell_174": [-0.9335804264972017, -0.3583679495453005], "cell_121": [0.882947592858927, 0.4694715627858908], "cell_99": [-0.7193398003386513, 0.6946583704589971], "cell_173": [0.40673664307580026, 0.913545457642601], "cell_142": [0.5150380749100542, -0.8571673007021123], "cell_130": [-0.898794046299167, -0.4383711467890775], "cell_68": [0.13917310096006547, -0.9902680687415704], "cell_136": [-0.848048096156426, 0.529919264233205], "cell_81": [-0.6691306063588582, 0.7431448254773942], "cell_78": [0.7771459614569706, -0.6293203910498378], "cell_64": [-0.7986355100472928, -0.6018150231520484], "cell_175": [0.3583679495453004, -0.9335804264972017], "cell_114": [0.40673664307579976, -0.9135454576426011], "cell_156": [-0.08715574274765824, 0.9961946980917455], "cell_168": [0.9396926207859084, -0.3420201433256686], "cell_70": [0.9335804264972016, -0.3583679495453008], "cell_179": [-0.06975647374412534, 0.9975640502598243], "cell_145": [0.9993908270190958, 0.03489949670250097], "cell_150": [-0.6156614753256581, -0.7880107536067221], "cell_161": [-0.90630778703665, -0.4226182617406993], "cell_37": [0.06975647374412525, 0.9975640502598243], "cell_54": [-0.0697564737441256, -0.9975640502598243], "cell_177": [0.15643446504023067, -0.9876883405951378], "cell_93": [0.2923717047227368, 0.9563047559630355], "cell_39": [0.5000000000000001, -0.8660254037844386], "cell_131": [0.7660444431189781, 0.6427876096865394], "cell_40": [-0.7071067811865477, -0.7071067811865475], "cell_109": [-0.4226182617406992, -0.9063077870366502], "cell_43": [-0.9205048534524405, -0.3907311284892736], "cell_50": [0.9335804264972016, -0.3583679495453008], "cell_153": [-0.4067366430758001, -0.913545457642601], "cell_178": [0.9993908270190958, -0.034899496702500823], "cell_125": [-0.7313537016191706, -0.6819983600624984], "cell_89": [-0.9135454576426008, 0.40673664307580043], "cell_172": [-0.5299192642332048, 0.8480480961564261], "cell_112": [-0.9702957262759966, -0.24192189559966754], "cell_129": [0.5877852522924729, -0.8090169943749476], "cell_141": [-0.7071067811865475, 0.7071067811865476], "cell_164": [0.882947592858927, 0.4694715627858908], "cell_98": [-0.46947156278589075, -0.882947592858927], "cell_75": [0.5446390350150268, -0.8386705679454244], "cell_42": [-0.484809620246337, 0.8746197071393959]}