{"cell_58": [0.9271838545667873, -0.37460659341591235], "cell_135": [-0.017452406437283498, -0.9998476951563913], "cell_67": [0.4383711467890775, 0.898794046299167], "cell_83": [-0.8910065241883678, 0.45399049973954686], "cell_112": [-0.8910065241883679, -0.4539904997395467], "cell_174": [0.9455185755993168, 0.3255681544571567], "cell_103": [0.9563047559630354, 0.29237170472273677], "cell_149": [0.7193398003386512, 0.6946583704589973], "cell_168": [-0.882947592858927, 0.4694715627858907], "cell_94": [-0.9902680687415704, -0.13917310096006555], "cell_38": [-0.9781476007338056, -0.2079116908177595], "cell_154": [-0.1564344650402308, 0.9876883405951378], "cell_128": [-0.743144825477394, 0.6691306063588585], "cell_138": [0.9925461516413221, -0.12186934340514723], "cell_45": [-0.43837114678907774, -0.8987940462991668], "cell_166": [-0.9335804264972017, -0.3583679495453005], "cell_157": [0.9848077530122081, 0.17364817766693036], "cell_120": [1.0, 0.0], "cell_63": [0.06975647374412522, -0.9975640502598243], "cell_197": [-0.46947156278589075, -0.882947592858927], "cell_85": [-0.6819983600624984, 0.7313537016191706], "cell_68": [0.40673664307579976, -0.9135454576426011], "cell_123": [-0.29237170472273666, 0.9563047559630355], "cell_31": [0.5735764363510462, 0.8191520442889919], "cell_155": [-0.9271838545667873, 0.37460659341591224], "cell_24": [0.13917310096006547, 0.9902680687415704], "cell_99": [-0.0697564737441256, -0.9975640502598243], "cell_182": [0.981627183447664, 0.1908089953765448], "cell_180": [-0.529919264233205, -0.848048096156426], "cell_101": [0.8571673007021122, -0.5150380749100546], "cell_76": [-0.9612616959383189, -0.275637355816999], "cell_93": [-0.052335956242944306, -0.9986295347545738], "cell_131": [0.9986295347545739, -0.052335956242944376], "cell_104": [0.9848077530122081, 0.17364817766693036], "cell_173": [-0.6293203910498373, 0.777145961456971], "cell_46": [-0.5150380749100545, -0.8571673007021122], "cell_52": [-0.08715574274765825, -0.9961946980917455], "cell_66": [-0.8660254037844386, -0.5000000000000001], "cell_54": [0.27563735581699916, 0.9612616959383189], "cell_65": [-0.25881904510252085, 0.9659258262890683], "cell_33": [0.8571673007021123, 0.5150380749100542], "cell_165": [-0.9961946980917455, 0.0871557427476582], "cell_55": [-0.13917310096006583, -0.9902680687415703], "cell_102": [-0.882947592858927, 0.4694715627858907], "cell_192": [-0.4383711467890775, 0.8987940462991669], "cell_116": [-0.484809620246337, 0.8746197071393959], "cell_43": [-0.08715574274765824, 0.9961946980917455]}