{"cell_165": [-0.9271838545667874, -0.374606593415912], "cell_193": [0.4067366430758002, 0.913545457642601], "cell_144": [0.882947592858927, -0.4694715627858908], "cell_197": [0.9396926207859084, 0.3420201433256687], "cell_80": [-0.8910065241883679, -0.4539904997395467], "cell_128": [0.0174524064372836, 0.9998476951563913], "cell_100": [0.7071067811865475, -0.7071067811865477], "cell_203": [-0.7431448254773942, -0.6691306063588582], "cell_84": [-0.6560590289905074, -0.7547095802227719], "cell_64": [-0.7986355100472928, -0.6018150231520484], "cell_59": [-0.32556815445715664, -0.9455185755993168], "cell_185": [0.24192189559966767, 0.9702957262759965], "cell_51": [-0.9563047559630354, -0.2923717047227368], "cell_136": [0.9902680687415704, 0.13917310096006544], "cell_103": [0.08715574274765789, -0.9961946980917455], "cell_178": [0.9975640502598242, -0.06975647374412565], "cell_195": [0.4694715627858904, -0.8829475928589271], "cell_148": [-0.7660444431189779, 0.6427876096865395], "cell_49": [0.848048096156426, 0.5299192642332049], "cell_119": [-0.34202014332566855, -0.9396926207859085], "cell_113": [-0.898794046299167, 0.4383711467890773], "cell_38": [-0.4226182617406991, -0.9063077870366502], "cell_91": [-0.40673664307580026, 0.9135454576426009], "cell_200": [-0.17364817766693036, -0.9848077530122081], "cell_186": [0.06975647374412522, -0.9975640502598243], "cell_67": [0.6293203910498376, 0.7771459614569709], "cell_176": [6.123233995736766e-17, 1.0], "cell_40": [0.8660254037844384, -0.5000000000000004], "cell_116": [-0.9781476007338056, -0.2079116908177595], "cell_50": [-0.6819983600624986, -0.7313537016191705], "cell_122": [0.30901699437494723, -0.9510565162951536], "cell_166": [0.4694715627858904, -0.8829475928589271], "cell_87": [0.961261695938319, -0.275637355816999], "cell_101": [-0.19080899537654464, -0.9816271834476641], "cell_89": [0.981627183447664, -0.19080899537654467], "cell_30": [-0.9659258262890682, 0.258819045102521], "cell_163": [0.6018150231520484, 0.7986355100472928], "cell_93": [0.8290375725550418, -0.5591929034707466], "cell_180": [-0.8571673007021122, 0.5150380749100545], "cell_170": [0.08715574274765812, 0.9961946980917455], "cell_108": [0.9455185755993168, -0.3255681544571567], "cell_129": [0.7660444431189781, 0.6427876096865393], "cell_90": [0.7986355100472928, 0.6018150231520483], "cell_198": [-0.2756373558169989, -0.961261695938319], "cell_184": [-0.7313537016191706, 0.6819983600624986], "cell_147": [-0.08715574274765825, -0.9961946980917455], "cell_99": [0.19080899537654492, 0.981627183447664], "cell_62": [-0.4999999999999998, 0.8660254037844388], "cell_82": [0.6427876096865393, -0.7660444431189781], "cell_104": [0.19080899537654514, -0.981627183447664], "cell_74": [6.123233995736766e-17, 1.0], "cell_47": [0.9993908270190958, 0.03489949670250097], "cell_60": [-0.34202014332566855, -0.9396926207859085], "cell_35": [-0.017452406437283498, -0.9998476951563913], "cell_117": [-0.9876883405951378, -0.15643446504023076], "cell_125": [-0.05233595624294431, -0.9986295347545739], "cell_75": [0.9876883405951378, 0.15643446504023087], "cell_102": [0.8910065241883679, 0.45399049973954675], "cell_65": [-0.17364817766693033, 0.9848077530122081], "cell_145": [0.13917310096006547, 0.9902680687415704], "cell_112": [-0.9205048534524404, -0.39073112848927355], "cell_141": [0.9563047559630354, 0.29237170472273677], "cell_54": [0.5877852522924729, -0.8090169943749476], "cell_24": [0.40673664307579976, -0.9135454576426011], "cell_159": [0.8191520442889916, -0.5735764363510464], "cell_161": [-0.8910065241883678, 0.45399049973954686], "cell_27": [0.9925461516413221, -0.12186934340514724], "cell_43": [0.9986295347545739, 0.05233595624294384], "cell_111": [-0.34202014332566855, -0.9396926207859085], "cell_183": [-0.22495105434386503, 0.9743700647852352], "cell_146": [0.37460659341591196, 0.9271838545667874], "cell_68": [-0.5150380749100542, 0.8571673007021123], "cell_71": [-0.6427876096865396, -0.7660444431189779], "cell_177": [-0.9993908270190958, 0.03489949670250114], "cell_135": [-0.6691306063588582, -0.7431448254773944], "cell_154": [0.8910065241883678, -0.45399049973954697], "cell_155": [0.559192903470747, -0.8290375725550416], "cell_137": [-0.7660444431189779, 0.6427876096865395], "cell_48": [-0.7986355100472928, -0.6018150231520484], "cell_110": [0.7071067811865476, 0.7071067811865475], "cell_182": [0.27563735581699944, -0.9612616959383189], "cell_83": [0.8910065241883679, 0.45399049973954675], "cell_188": [0.6819983600624986, -0.7313537016191705], "cell_95": [-0.3420201433256687, 0.9396926207859084], "cell_76": [0.8910065241883678, -0.45399049973954697], "cell_105": [-0.984807753012208, -0.17364817766693047], "cell_172": [0.8191520442889916, -0.5735764363510464], "cell_109": [-0.12186934340514738, 0.9925461516413221], "cell_94": [-0.9986295347545739, 0.052335956242943814], "cell_118": [-0.8090169943749473, 0.5877852522924732], "cell_174": [0.9781476007338056, -0.20791169081775987], "cell_133": [0.104528463267653, -0.9945218953682734], "cell_70": [-0.9510565162951536, -0.3090169943749473], "cell_31": [0.7071067811865476, 0.7071067811865475], "cell_44": [-0.9563047559630354, -0.2923717047227368], "cell_120": [-0.1564344650402308, 0.9876883405951378], "cell_160": [-0.25881904510252085, 0.9659258262890683], "cell_39": [0.6427876096865394, 0.766044443118978], "cell_33": [-0.8290375725550416, 0.5591929034707469], "cell_46": [0.9902680687415703, -0.13917310096006588], "cell_131": [0.7986355100472928, -0.6018150231520483], "cell_61": [-0.5877852522924731, 0.8090169943749476], "cell_66": [-0.7193398003386511, -0.6946583704589974], "cell_97": [-0.6293203910498373, 0.7771459614569711], "cell_127": [-0.4848096202463369, -0.874619707139396], "cell_25": [0.9510565162951536, 0.30901699437494745], "cell_92": [-0.898794046299167, -0.4383711467890775], "cell_143": [0.981627183447664, 0.1908089953765448], "cell_55": [-0.8571673007021123, -0.5150380749100542], "cell_169": [-0.34202014332566855, -0.9396926207859085], "cell_194": [-0.898794046299167, -0.4383711467890775]}