{"cell_58": [0.9876883405951378, -0.15643446504023115], "cell_76": [-0.7547095802227722, -0.6560590289905072], "cell_75": [-0.17364817766693033, 0.9848077530122081], "cell_93": [-0.3907311284892738, 0.9205048534524404], "cell_119": [0.9998476951563913, -0.01745240643728356], "cell_107": [0.9848077530122081, 0.17364817766693036], "cell_74": [0.5000000000000001, 0.8660254037844386], "cell_109": [-0.43837114678907774, -0.8987940462991668], "cell_81": [-0.9902680687415704, -0.13917310096006555], "cell_97": [0.10452846326765299, -0.9945218953682734], "cell_47": [0.2756373558169994, -0.9612616959383188], "cell_89": [-0.5877852522924732, -0.8090169943749473], "cell_56": [0.9781476007338057, 0.20791169081775934], "cell_65": [0.9876883405951378, -0.15643446504023115], "cell_77": [0.9271838545667874, 0.374606593415912], "cell_53": [-0.9743700647852352, -0.22495105434386498], "cell_84": [-0.90630778703665, -0.4226182617406993], "cell_98": [1.0, 0.0], "cell_104": [-0.7880107536067219, 0.6156614753256584], "cell_59": [0.37460659341591196, 0.9271838545667874], "cell_45": [-0.25881904510252063, -0.9659258262890683], "cell_49": [-0.9702957262759965, 0.24192189559966773], "cell_42": [0.9848077530122081, -0.17364817766693041], "cell_78": [0.9612616959383189, 0.27563735581699916], "cell_83": [-0.6946583704589974, 0.7193398003386511], "cell_70": [-0.529919264233205, -0.848048096156426], "cell_40": [0.9271838545667873, -0.37460659341591235], "cell_79": [0.17364817766692997, -0.9848077530122081], "cell_73": [-0.9848077530122081, 0.1736481776669303], "cell_48": [-0.9998476951563913, 0.01745240643728344], "cell_46": [0.5591929034707468, 0.8290375725550417], "cell_103": [0.13917310096006547, 0.9902680687415704], "cell_61": [0.19080899537654514, -0.981627183447664], "cell_62": [0.4383711467890774, -0.898794046299167], "cell_90": [-0.544639035015027, -0.8386705679454242], "cell_41": [0.8987940462991668, -0.4383711467890778], "cell_105": [0.9998476951563913, 0.01745240643728351], "cell_44": [-0.8910065241883679, -0.4539904997395467], "cell_117": [0.25881904510252074, 0.9659258262890683], "cell_91": [-0.6946583704589973, -0.7193398003386512], "cell_116": [0.7431448254773944, -0.6691306063588581], "cell_72": [0.5446390350150268, -0.8386705679454244], "cell_66": [-0.8660254037844386, -0.5000000000000001], "cell_85": [-0.29237170472273666, 0.9563047559630355], "cell_69": [-0.8746197071393957, 0.48480962024633717], "cell_43": [-0.9271838545667874, -0.374606593415912], "cell_87": [-0.9659258262890682, 0.258819045102521], "cell_60": [0.7193398003386512, 0.6946583704589973], "cell_68": [0.6946583704589974, 0.7193398003386512], "cell_96": [-0.981627183447664, -0.19080899537654472], "cell_99": [0.8660254037844387, 0.49999999999999994], "cell_54": [0.2588190451025203, -0.9659258262890684], "cell_63": [0.838670567945424, -0.544639035015027], "cell_113": [-0.08715574274765825, -0.9961946980917455], "cell_92": [-0.08715574274765824, 0.9961946980917455], "cell_86": [-0.9902680687415704, 0.13917310096006533], "cell_71": [-0.9205048534524404, 0.39073112848927377], "cell_115": [0.0174524064372836, 0.9998476951563913], "cell_57": [-0.9335804264972017, -0.3583679495453005], "cell_64": [0.17364817766692997, -0.9848077530122081], "cell_111": [-0.1908089953765446, -0.981627183447664], "cell_50": [0.7986355100472928, 0.6018150231520483], "cell_88": [0.9781476007338056, -0.20791169081775987], "cell_82": [0.1218693434051475, 0.9925461516413221], "cell_51": [-0.9510565162951535, 0.3090169943749475], "cell_55": [0.0174524064372836, 0.9998476951563913], "cell_102": [0.9945218953682734, 0.10452846326765348], "cell_100": [-0.9510565162951535, 0.3090169943749475], "cell_67": [-0.9135454576426008, 0.40673664307580043], "cell_106": [-0.27563735581699905, 0.9612616959383189], "cell_108": [0.9205048534524404, 0.39073112848927377], "cell_52": [0.13917310096006547, -0.9902680687415704], "cell_94": [0.5150380749100542, -0.8571673007021123], "cell_118": [-0.754709580222772, 0.6560590289905073], "cell_95": [0.9945218953682734, -0.10452846326765343], "cell_112": [-0.4067366430758001, -0.913545457642601], "cell_80": [-0.9961946980917455, 0.0871557427476582], "cell_114": [0.7193398003386509, -0.6946583704589976], "cell_101": [0.529919264233205, 0.8480480961564261], "cell_110": [6.123233995736766e-17, 1.0]}