{"cell_103": [0.8910065241883679, 0.4539904997395468], "cell_53": [0.6946583704589973, -0.7193398003386512], "cell_72": [-0.8090169943749473, 0.5877852522924732], "cell_42": [0.3907311284892737, 0.9205048534524404], "cell_64": [-0.8746197071393957, 0.48480962024633717], "cell_66": [6.123233995736766e-17, 1.0], "cell_83": [-0.7986355100472929, 0.6018150231520482], "cell_74": [-0.913545457642601, -0.40673664307580026], "cell_105": [0.46947156278589086, 0.8829475928589269], "cell_118": [0.6946583704589974, 0.7193398003386512], "cell_88": [0.9271838545667874, 0.374606593415912], "cell_91": [-0.9612616959383189, 0.2756373558169992], "cell_110": [0.838670567945424, -0.544639035015027], "cell_109": [0.8191520442889919, 0.5735764363510462], "cell_76": [-0.9335804264972017, 0.3583679495453002], "cell_60": [-0.20791169081775934, 0.9781476007338057], "cell_97": [0.9702957262759965, -0.24192189559966787], "cell_102": [0.24192189559966745, -0.9702957262759966], "cell_114": [-0.9945218953682733, 0.10452846326765373], "cell_82": [0.8660254037844384, -0.5000000000000004], "cell_75": [-0.9902680687415704, -0.13917310096006555], "cell_62": [-0.8090169943749473, 0.5877852522924732], "cell_45": [-0.9848077530122081, 0.1736481776669303], "cell_57": [-0.6819983600624987, -0.7313537016191705]}