{"cell_117": [-0.7547095802227722, -0.6560590289905072], "cell_102": [0.9563047559630354, 0.29237170472273677], "cell_66": [-0.5735764363510463, 0.8191520442889918], "cell_56": [-0.743144825477394, 0.6691306063588585], "cell_93": [0.9205048534524404, 0.39073112848927377], "cell_87": [-0.8290375725550417, 0.559192903470747], "cell_118": [-0.25881904510252063, -0.9659258262890683], "cell_81": [0.5877852522924729, -0.8090169943749476], "cell_77": [0.9335804264972017, 0.35836794954530027], "cell_98": [-0.30901699437494734, 0.9510565162951536], "cell_45": [0.8290375725550417, 0.5591929034707469], "cell_63": [0.8571673007021122, -0.5150380749100546], "cell_84": [0.8660254037844384, -0.5000000000000004], "cell_40": [-0.9961946980917455, 0.0871557427476582], "cell_73": [0.5150380749100542, -0.8571673007021123], "cell_52": [-0.7313537016191705, 0.6819983600624986], "cell_119": [-0.6946583704589974, 0.7193398003386511], "cell_47": [0.8910065241883679, 0.4539904997395468], "cell_108": [-0.6018150231520485, 0.7986355100472928], "cell_72": [0.5877852522924731, 0.8090169943749475], "cell_69": [0.9271838545667874, 0.374606593415912], "cell_49": [0.8746197071393959, 0.4848096202463371], "cell_115": [0.4383711467890774, -0.898794046299167], "cell_71": [0.5000000000000001, -0.8660254037844386], "cell_100": [-0.6946583704589973, -0.7193398003386512], "cell_110": [-0.24192189559966779, -0.9702957262759965], "cell_58": [0.9396926207859084, -0.3420201433256686], "cell_43": [0.9993908270190958, 0.03489949670250097], "cell_90": [0.9961946980917455, 0.08715574274765817], "cell_74": [0.10452846326765299, -0.9945218953682734], "cell_99": [0.22495105434386492, -0.9743700647852352], "cell_54": [-0.4226182617406992, -0.9063077870366502], "cell_76": [0.754709580222772, 0.6560590289905073], "cell_83": [0.9743700647852352, 0.224951054343865], "cell_44": [0.9781476007338056, -0.20791169081775987], "cell_116": [-0.32556815445715664, 0.9455185755993168], "cell_101": [0.13917310096006547, 0.9902680687415704], "cell_97": [-0.10452846326765336, -0.9945218953682734], "cell_94": [0.9975640502598242, -0.06975647374412564], "cell_113": [0.7071067811865476, 0.7071067811865475], "cell_59": [-0.9998476951563913, -0.017452406437283637], "cell_53": [0.9925461516413221, 0.12186934340514749], "cell_48": [0.559192903470747, -0.8290375725550416], "cell_60": [0.3583679495453004, 0.9335804264972017], "cell_89": [0.9335804264972017, 0.35836794954530027], "cell_64": [0.6018150231520483, 0.7986355100472928], "cell_67": [-0.9902680687415704, -0.13917310096006555], "cell_106": [0.2756373558169994, -0.9612616959383188], "cell_50": [0.8571673007021123, 0.5150380749100542], "cell_42": [-0.7313537016191706, -0.6819983600624984], "cell_57": [0.9961946980917455, -0.08715574274765832], "cell_104": [0.8480480961564261, 0.529919264233205], "cell_85": [-0.8746197071393957, 0.48480962024633717], "cell_46": [0.9975640502598242, -0.06975647374412564], "cell_70": [0.9998476951563913, 0.01745240643728351], "cell_96": [0.4848096202463371, 0.8746197071393957]}