{"cell_54": [0.42261826174069966, -0.9063077870366499], "cell_52": [0.8290375725550418, -0.5591929034707466], "cell_89": [0.20791169081775948, -0.9781476007338057], "cell_51": [-0.7986355100472929, 0.6018150231520482], "cell_74": [0.9743700647852351, -0.22495105434386534], "cell_61": [-0.9998476951563913, -0.017452406437283637], "cell_90": [-0.9205048534524404, 0.39073112848927377], "cell_91": [0.6427876096865393, -0.7660444431189781], "cell_96": [0.9975640502598243, 0.06975647374412532], "cell_86": [-0.9945218953682734, -0.10452846326765351], "cell_76": [0.24192189559966745, -0.9702957262759966], "cell_81": [-0.9961946980917455, -0.08715574274765794], "cell_43": [0.7193398003386512, 0.6946583704589973], "cell_78": [0.9902680687415703, -0.13917310096006588], "cell_70": [-0.6427876096865395, -0.7660444431189779], "cell_63": [-0.9902680687415704, 0.13917310096006533], "cell_36": [0.754709580222772, 0.6560590289905073], "cell_66": [-0.1564344650402308, 0.9876883405951378], "cell_62": [-0.7880107536067219, 0.6156614753256584], "cell_44": [0.19080899537654492, 0.981627183447664], "cell_94": [0.7547095802227719, -0.6560590289905074], "cell_100": [0.9063077870366499, 0.42261826174069944], "cell_42": [-0.898794046299167, -0.4383711467890775], "cell_87": [-0.6691306063588581, -0.7431448254773944], "cell_41": [0.9902680687415704, 0.13917310096006544], "cell_83": [-0.8386705679454239, 0.5446390350150273], "cell_59": [-0.6018150231520483, -0.7986355100472928], "cell_92": [0.17364817766692997, -0.9848077530122081], "cell_93": [-0.15643446504023106, -0.9876883405951378], "cell_103": [-0.5877852522924732, -0.8090169943749473], "cell_102": [-0.17364817766693036, -0.9848077530122081], "cell_64": [-0.17364817766693036, -0.9848077530122081], "cell_72": [-0.9986295347545739, 0.052335956242943814], "cell_69": [-0.838670567945424, -0.5446390350150271], "cell_47": [-0.7771459614569708, -0.6293203910498376], "cell_65": [0.7986355100472928, -0.6018150231520483], "cell_95": [0.8910065241883678, -0.45399049973954697], "cell_98": [0.6018150231520483, 0.7986355100472928], "cell_85": [0.9902680687415703, -0.13917310096006588], "cell_79": [-0.8660254037844387, 0.49999999999999994], "cell_40": [-0.7771459614569709, 0.6293203910498374], "cell_71": [0.838670567945424, 0.5446390350150271], "cell_77": [0.6819983600624986, 0.7313537016191706], "cell_60": [-0.05233595624294385, 0.9986295347545739], "cell_45": [-0.4226182617406992, -0.9063077870366502], "cell_104": [0.15643446504023067, -0.9876883405951378], "cell_37": [-0.8290375725550417, 0.559192903470747], "cell_67": [0.5150380749100542, 0.8571673007021123], "cell_68": [-0.29237170472273666, 0.9563047559630355], "cell_99": [0.9563047559630354, 0.29237170472273677]}