{"cell_57": [-0.9848077530122081, 0.1736481776669303], "cell_167": [0.8746197071393959, -0.4848096202463369], "cell_163": [0.8090169943749475, 0.5877852522924731], "cell_158": [-0.6156614753256583, 0.788010753606722], "cell_127": [-0.017452406437283477, 0.9998476951563913], "cell_139": [-0.6946583704589973, -0.7193398003386512], "cell_154": [0.848048096156426, -0.5299192642332051], "cell_143": [-0.9271838545667873, 0.37460659341591224], "cell_50": [0.15643446504023092, 0.9876883405951378], "cell_176": [-0.8660254037844387, 0.49999999999999994], "cell_61": [-0.08715574274765824, 0.9961946980917455], "cell_90": [-0.754709580222772, 0.6560590289905073], "cell_178": [-0.9335804264972017, 0.3583679495453002], "cell_135": [0.8090169943749473, -0.5877852522924734], "cell_84": [-0.5735764363510464, -0.8191520442889916], "cell_147": [0.4383711467890774, -0.898794046299167], "cell_106": [-0.7660444431189781, -0.6427876096865394], "cell_59": [-0.25881904510252085, 0.9659258262890683], "cell_76": [0.24192189559966745, -0.9702957262759966], "cell_126": [0.6946583704589973, -0.7193398003386512], "cell_51": [-0.20791169081775934, 0.9781476007338057], "cell_108": [0.9781476007338057, 0.20791169081775934], "cell_118": [0.8290375725550417, 0.5591929034707469], "cell_53": [0.656059028990507, -0.7547095802227722], "cell_152": [0.01745240643728313, -0.9998476951563913], "cell_188": [-0.9271838545667873, 0.37460659341591224], "cell_175": [-0.6156614753256583, 0.788010753606722], "cell_82": [-0.8660254037844386, -0.5000000000000001], "cell_99": [0.30901699437494723, -0.9510565162951536], "cell_60": [0.01745240643728313, -0.9998476951563913], "cell_70": [0.6156614753256583, 0.788010753606722], "cell_144": [0.20791169081775948, -0.9781476007338057], "cell_45": [-0.8746197071393959, -0.48480962024633695], "cell_93": [-0.6018150231520485, 0.7986355100472928], "cell_95": [0.6946583704589974, 0.7193398003386512], "cell_170": [0.9993908270190958, -0.034899496702500823], "cell_150": [0.882947592858927, 0.4694715627858908], "cell_172": [-0.22495105434386528, -0.9743700647852352], "cell_96": [0.838670567945424, 0.5446390350150271], "cell_142": [0.40673664307579976, -0.9135454576426011], "cell_121": [0.8910065241883678, -0.45399049973954697], "cell_77": [-0.9993908270190958, 0.03489949670250114], "cell_151": [-0.544639035015027, -0.8386705679454242], "cell_54": [0.6018150231520483, 0.7986355100472928], "cell_55": [-0.9702957262759965, 0.24192189559966773], "cell_69": [-0.3907311284892738, 0.9205048534524404], "cell_107": [0.13917310096006547, 0.9902680687415704], "cell_194": [0.37460659341591196, 0.9271838545667874]}