{"cell_103": [0.8480480961564261, 0.529919264233205], "cell_89": [0.3420201433256689, 0.9396926207859084], "cell_84": [-0.8090169943749473, 0.5877852522924732], "cell_196": [-0.7313537016191706, -0.6819983600624984], "cell_189": [-0.5446390350150272, 0.838670567945424], "cell_136": [-0.9743700647852352, 0.22495105434386523], "cell_108": [-0.30901699437494756, -0.9510565162951535], "cell_183": [0.8571673007021122, -0.5150380749100546], "cell_73": [0.8571673007021122, -0.5150380749100546], "cell_175": [-0.35836794954530077, -0.9335804264972016], "cell_104": [0.5446390350150268, -0.8386705679454244], "cell_121": [0.6427876096865393, -0.7660444431189781], "cell_45": [-0.27563735581699905, 0.9612616959383189], "cell_186": [-0.8910065241883679, -0.4539904997395467], "cell_130": [-0.34202014332566855, -0.9396926207859084], "cell_117": [0.9612616959383189, 0.27563735581699916], "cell_169": [0.9455185755993168, 0.3255681544571567], "cell_64": [-0.9961946980917455, 0.0871557427476582], "cell_166": [-0.7880107536067221, -0.6156614753256583], "cell_162": [-0.9396926207859084, -0.34202014332566866], "cell_85": [-0.9743700647852352, 0.22495105434386523], "cell_72": [-0.9902680687415704, -0.13917310096006555], "cell_129": [0.8480480961564261, 0.529919264233205], "cell_49": [-0.9925461516413221, -0.12186934340514731], "cell_150": [-0.9975640502598243, 0.06975647374412554], "cell_170": [0.656059028990507, -0.7547095802227722], "cell_160": [-0.90630778703665, -0.4226182617406993], "cell_133": [-0.8191520442889918, -0.5735764363510462], "cell_71": [-0.4694715627858909, 0.8829475928589269], "cell_83": [-0.9205048534524404, 0.39073112848927377], "cell_87": [0.5877852522924731, 0.8090169943749475], "cell_165": [-0.5591929034707466, -0.8290375725550418], "cell_65": [-0.6293203910498378, -0.7771459614569706], "cell_167": [-0.9659258262890683, -0.2588190451025208], "cell_69": [0.15643446504023067, -0.9876883405951378], "cell_197": [-0.8746197071393957, 0.48480962024633717], "cell_127": [0.7431448254773942, 0.6691306063588582], "cell_195": [-0.12186934340514717, -0.9925461516413221], "cell_131": [-0.5299192642332048, 0.8480480961564261], "cell_94": [0.6156614753256585, -0.7880107536067218], "cell_80": [-0.27563735581699905, 0.9612616959383189], "cell_198": [0.9961946980917455, -0.08715574274765832], "cell_149": [0.7431448254773944, -0.6691306063588581], "cell_185": [0.8660254037844387, 0.49999999999999994], "cell_142": [0.6018150231520483, 0.7986355100472928], "cell_97": [0.46947156278589086, 0.8829475928589269], "cell_56": [0.9986295347545739, -0.052335956242944376], "cell_172": [0.6946583704589973, -0.7193398003386512], "cell_78": [-0.1908089953765448, 0.981627183447664], "cell_120": [-0.27563735581699905, 0.9612616959383189], "cell_118": [-0.9612616959383189, 0.2756373558169992], "cell_122": [0.6293203910498374, 0.7771459614569709], "cell_135": [0.13917310096006547, -0.9902680687415704], "cell_132": [0.9335804264972017, 0.35836794954530027], "cell_70": [-0.1908089953765446, -0.981627183447664], "cell_114": [0.9945218953682734, 0.10452846326765348], "cell_161": [0.559192903470747, -0.8290375725550416], "cell_146": [0.5877852522924729, -0.8090169943749476], "cell_119": [0.3255681544571563, -0.945518575599317], "cell_152": [-0.984807753012208, -0.17364817766693047], "cell_164": [-0.9271838545667873, 0.37460659341591224], "cell_90": [-0.9876883405951378, 0.156434465040231], "cell_52": [-0.5150380749100545, -0.8571673007021122], "cell_141": [-0.052335956242944306, -0.9986295347545738], "cell_182": [-0.992546151641322, 0.12186934340514755], "cell_147": [-0.6819983600624984, 0.7313537016191706], "cell_40": [-0.9563047559630355, 0.2923717047227366], "cell_128": [0.9702957262759965, 0.24192189559966773], "cell_96": [-0.9876883405951378, -0.15643446504023073], "cell_105": [-0.992546151641322, 0.12186934340514755], "cell_154": [0.30901699437494723, -0.9510565162951536], "cell_187": [-0.4694715627858909, 0.8829475928589269], "cell_63": [-0.743144825477394, 0.6691306063588585], "cell_156": [0.24192189559966745, -0.9702957262759966], "cell_184": [0.40673664307580026, 0.913545457642601], "cell_43": [1.0, 0.0], "cell_181": [0.4539904997395467, -0.891006524188368], "cell_115": [0.9455185755993168, 0.3255681544571567], "cell_191": [0.1218693434051475, 0.9925461516413221], "cell_99": [-0.8829475928589269, -0.46947156278589086], "cell_138": [-0.5299192642332048, 0.8480480961564261], "cell_116": [-0.7771459614569709, 0.6293203910498374], "cell_174": [0.3907311284892737, 0.9205048534524404], "cell_180": [-0.9510565162951536, -0.3090169943749473], "cell_86": [-0.43837114678907774, -0.8987940462991668], "cell_91": [-0.4999999999999999, 0.8660254037844388], "cell_42": [-0.5735764363510464, -0.8191520442889916], "cell_163": [0.7313537016191706, 0.6819983600624986], "cell_179": [0.10452846326765299, -0.9945218953682734], "cell_51": [-0.5000000000000004, -0.8660254037844384], "cell_50": [0.7880107536067221, -0.6156614753256582], "cell_137": [0.90630778703665, -0.4226182617406992], "cell_139": [0.913545457642601, -0.4067366430758002], "cell_145": [0.9205048534524404, 0.39073112848927377], "cell_74": [-0.9612616959383189, -0.275637355816999], "cell_76": [0.838670567945424, -0.544639035015027], "cell_41": [0.5735764363510462, -0.8191520442889919], "cell_171": [-0.48480962024633684, -0.874619707139396], "cell_77": [0.981627183447664, -0.19080899537654467], "cell_82": [0.45399049973954686, 0.8910065241883679], "cell_110": [-0.7431448254773942, -0.6691306063588582], "cell_143": [-0.017452406437283498, -0.9998476951563913], "cell_62": [0.8910065241883678, -0.45399049973954697], "cell_151": [-0.5150380749100543, 0.8571673007021123], "cell_113": [0.6819983600624986, 0.7313537016191706], "cell_98": [-0.7771459614569709, 0.6293203910498374], "cell_158": [0.7547095802227719, -0.6560590289905074], "cell_173": [0.9925461516413221, -0.12186934340514723], "cell_100": [0.9271838545667873, -0.37460659341591235], "cell_124": [-0.8191520442889919, 0.5735764363510459], "cell_67": [0.7660444431189781, 0.6427876096865394], "cell_159": [0.05233595624294397, 0.9986295347545739]}