{"cell_165": [0.9902680687415704, 0.13917310096006544], "cell_96": [0.7986355100472928, 0.6018150231520483], "cell_147": [0.848048096156426, -0.5299192642332051], "cell_77": [0.9781476007338056, -0.20791169081775987], "cell_37": [0.9876883405951378, 0.15643446504023087], "cell_59": [0.913545457642601, 0.40673664307580026], "cell_106": [-0.9993908270190958, 0.03489949670250114], "cell_85": [0.6018150231520479, -0.7986355100472932], "cell_108": [-0.7986355100472929, 0.6018150231520482], "cell_113": [-0.9743700647852352, 0.22495105434386523], "cell_136": [-0.4383711467890775, 0.8987940462991669], "cell_168": [-0.9998476951563913, 0.01745240643728344], "cell_58": [0.9455185755993168, -0.3255681544571567], "cell_111": [-0.9848077530122081, 0.1736481776669303], "cell_166": [-0.6427876096865395, -0.7660444431189779], "cell_70": [-0.743144825477394, 0.6691306063588585], "cell_159": [-0.7660444431189781, -0.6427876096865394], "cell_105": [-0.29237170472273666, 0.9563047559630355], "cell_171": [0.3255681544571568, 0.9455185755993168], "cell_83": [0.8290375725550417, 0.5591929034707469], "cell_76": [0.7660444431189781, 0.6427876096865394], "cell_52": [-0.6293203910498378, -0.7771459614569706], "cell_176": [0.5591929034707468, 0.8290375725550417], "cell_48": [0.7547095802227719, -0.6560590289905074], "cell_140": [-0.8910065241883678, 0.45399049973954686], "cell_46": [-0.8090169943749473, 0.5877852522924732], "cell_49": [0.5735764363510462, -0.8191520442889919], "cell_39": [0.7986355100472928, 0.6018150231520483], "cell_118": [0.7771459614569709, 0.6293203910498374], "cell_69": [-0.13917310096006535, 0.9902680687415704], "cell_114": [0.9743700647852351, -0.22495105434386534], "cell_134": [0.9876883405951378, 0.15643446504023087], "cell_164": [-0.6946583704589974, 0.7193398003386511], "cell_51": [0.961261695938319, -0.275637355816999], "cell_157": [0.7313537016191707, -0.6819983600624984], "cell_89": [-0.3907311284892738, 0.9205048534524404], "cell_116": [-0.8090169943749476, -0.5877852522924731], "cell_57": [-0.9702957262759966, -0.24192189559966754], "cell_135": [-0.22495105434386528, -0.9743700647852352], "cell_71": [6.123233995736766e-17, 1.0], "cell_65": [-0.7880107536067219, 0.6156614753256584], "cell_123": [-0.9975640502598243, 0.06975647374412554], "cell_141": [-0.9396926207859084, -0.34202014332566866], "cell_43": [-0.743144825477394, 0.6691306063588585], "cell_84": [0.9925461516413221, 0.12186934340514749], "cell_122": [0.9945218953682734, -0.10452846326765343], "cell_42": [-0.7193398003386511, -0.6946583704589974], "cell_98": [-0.8290375725550418, -0.5591929034707467], "cell_66": [0.882947592858927, 0.4694715627858908], "cell_119": [-0.9998476951563913, -0.017452406437283637], "cell_45": [0.3907311284892735, -0.9205048534524405], "cell_80": [-0.8571673007021123, -0.5150380749100542], "cell_64": [-0.29237170472273666, 0.9563047559630355], "cell_117": [-0.484809620246337, 0.8746197071393959], "cell_146": [0.9876883405951378, 0.15643446504023087], "cell_127": [0.9945218953682734, 0.10452846326765348], "cell_97": [0.9455185755993168, -0.3255681544571567], "cell_88": [-0.6018150231520483, -0.7986355100472928], "cell_175": [-0.8660254037844387, 0.49999999999999994], "cell_125": [-0.2079116908177598, -0.9781476007338056], "cell_60": [-0.06975647374412534, 0.9975640502598243], "cell_92": [-0.22495105434386503, 0.9743700647852352], "cell_138": [0.898794046299167, 0.43837114678907746], "cell_91": [0.9743700647852352, 0.224951054343865], "cell_86": [0.45399049973954686, 0.8910065241883679], "cell_104": [-0.8660254037844387, 0.49999999999999994], "cell_173": [-0.3907311284892738, 0.9205048534524404], "cell_155": [-0.7986355100472929, 0.6018150231520482], "cell_161": [0.7071067811865476, 0.7071067811865475], "cell_151": [-0.9205048534524404, 0.39073112848927377], "cell_40": [-0.5000000000000004, -0.8660254037844384], "cell_128": [-0.9876883405951378, 0.156434465040231], "cell_142": [-0.5150380749100545, -0.8571673007021122], "cell_124": [0.9743700647852352, 0.224951054343865], "cell_109": [0.5735764363510462, -0.8191520442889919], "cell_72": [-0.8386705679454239, 0.5446390350150273], "cell_130": [0.7547095802227719, -0.6560590289905074], "cell_132": [-0.17364817766693033, 0.9848077530122081], "cell_95": [-0.13917310096006583, -0.9902680687415703], "cell_121": [0.9876883405951378, -0.15643446504023115], "cell_144": [-0.9659258262890682, 0.258819045102521], "cell_120": [0.7986355100472928, -0.6018150231520483], "cell_163": [0.656059028990507, -0.7547095802227722], "cell_167": [-0.25881904510252063, -0.9659258262890683], "cell_149": [0.22495105434386492, 0.9743700647852352], "cell_137": [-0.6691306063588582, 0.7431448254773942], "cell_79": [-0.30901699437494756, -0.9510565162951535], "cell_143": [-0.7660444431189779, 0.6427876096865395], "cell_87": [-0.9612616959383189, 0.2756373558169992], "cell_36": [-0.8571673007021123, -0.5150380749100542], "cell_38": [-0.5299192642332048, 0.8480480961564261], "cell_107": [-0.898794046299167, 0.4383711467890773], "cell_154": [-0.08715574274765825, -0.9961946980917455], "cell_129": [0.03489949670250128, -0.9993908270190958], "cell_112": [0.342020143325669, -0.9396926207859083], "cell_174": [0.10452846326765299, -0.9945218953682734], "cell_62": [0.6156614753256585, -0.7880107536067218], "cell_90": [0.6018150231520479, -0.7986355100472932], "cell_156": [-0.9205048534524404, 0.39073112848927377], "cell_81": [0.4539904997395467, -0.891006524188368], "cell_150": [-0.8571673007021122, 0.5150380749100544]}