{"cell_156": [0.7660444431189779, -0.6427876096865396], "cell_159": [0.05233595624294395, -0.9986295347545739], "cell_163": [0.5591929034707469, 0.8290375725550416], "cell_64": [0.5446390350150266, -0.8386705679454243], "cell_122": [-0.6018150231520483, -0.7986355100472928], "cell_57": [-0.9975640502598243, -0.06975647374412529], "cell_30": [-0.6018150231520483, -0.7986355100472928], "cell_151": [0.9271838545667874, 0.374606593415912], "cell_70": [0.8571673007021121, -0.5150380749100545], "cell_46": [0.515038074910054, -0.8571673007021123], "cell_195": [0.5446390350150271, 0.838670567945424], "cell_115": [-0.034899496702500955, 0.9993908270190958], "cell_127": [-0.7071067811865477, -0.7071067811865475], "cell_175": [0.8290375725550418, -0.5591929034707466], "cell_141": [-0.6293203910498378, -0.7771459614569706], "cell_157": [0.9396926207859084, 0.3420201433256687], "cell_147": [0.8746197071393959, 0.4848096202463371], "cell_75": [-0.9876883405951378, -0.15643446504023076], "cell_165": [6.123233995736766e-17, 1.0], "cell_49": [0.7431448254773944, -0.6691306063588582], "cell_168": [-0.37460659341591207, 0.9271838545667874], "cell_101": [-0.7660444431189781, -0.6427876096865393], "cell_154": [-0.08715574274765825, -0.9961946980917455], "cell_190": [0.8191520442889919, 0.5735764363510462], "cell_194": [-0.882947592858927, 0.4694715627858907], "cell_120": [-0.6560590289905072, 0.7547095802227721], "cell_187": [-0.9993908270190958, -0.03489949670250089], "cell_31": [0.7071067811865475, -0.7071067811865477], "cell_188": [0.37460659341591196, 0.9271838545667874], "cell_128": [0.9925461516413221, 0.12186934340514749], "cell_72": [-0.48480962024633695, 0.8746197071393959], "cell_69": [0.7771459614569706, -0.6293203910498378], "cell_183": [-0.5150380749100545, -0.8571673007021121], "cell_82": [0.6156614753256583, 0.7880107536067219], "cell_62": [0.9205048534524403, -0.3907311284892739], "cell_97": [0.9848077530122081, -0.17364817766693041], "cell_91": [-0.5591929034707466, -0.8290375725550418], "cell_106": [-0.5735764363510462, 0.8191520442889917], "cell_95": [-0.5591929034707467, 0.8290375725550418], "cell_47": [0.25881904510252074, 0.9659258262890683], "cell_60": [0.08715574274765812, 0.9961946980917455], "cell_137": [-0.4694715627858909, 0.8829475928589269], "cell_129": [-0.9563047559630355, 0.2923717047227366], "cell_61": [0.9702957262759965, 0.24192189559966773], "cell_155": [-0.5000000000000004, -0.8660254037844384], "cell_24": [-0.7431448254773941, 0.6691306063588585], "cell_29": [-0.9993908270190958, -0.03489949670250089], "cell_104": [0.2249510543438649, -0.9743700647852352], "cell_203": [-0.22495105434386503, 0.9743700647852352], "cell_197": [0.961261695938319, -0.275637355816999], "cell_92": [0.961261695938319, -0.275637355816999], "cell_158": [0.6427876096865393, -0.7660444431189781], "cell_146": [-0.5877852522924732, -0.8090169943749473], "cell_55": [0.5446390350150271, 0.838670567945424], "cell_193": [-0.9993908270190958, -0.03489949670250089], "cell_83": [0.03489949670250108, 0.9993908270190958], "cell_39": [-0.9848077530122081, 0.17364817766693025], "cell_48": [-0.9659258262890683, -0.2588190451025208], "cell_114": [0.3255681544571563, -0.945518575599317], "cell_99": [0.882947592858927, 0.4694715627858908], "cell_63": [0.6293203910498376, -0.7771459614569709], "cell_88": [-0.37460659341591207, 0.9271838545667874], "cell_53": [0.42261826174069966, -0.9063077870366499], "cell_171": [-0.9659258262890683, -0.2588190451025208], "cell_89": [0.6691306063588582, 0.7431448254773942], "cell_80": [-0.8746197071393957, 0.48480962024633717], "cell_173": [-0.8746197071393959, -0.48480962024633695], "cell_71": [-0.6427876096865393, 0.7660444431189781], "cell_198": [0.7313537016191706, 0.6819983600624986], "cell_51": [-0.32556815445715664, 0.9455185755993168], "cell_134": [-0.4539904997395469, -0.8910065241883678], "cell_181": [-0.6819983600624984, 0.7313537016191707], "cell_85": [-0.9998476951563913, -0.017452406437283637], "cell_132": [0.874619707139396, -0.4848096202463369], "cell_145": [-0.06975647374412558, -0.9975640502598242], "cell_174": [0.6691306063588582, 0.7431448254773942], "cell_25": [-0.6819983600624984, 0.7313537016191707], "cell_169": [0.13917310096006547, 0.9902680687415704], "cell_121": [0.5000000000000001, 0.8660254037844386], "cell_192": [0.961261695938319, -0.275637355816999], "cell_33": [-0.06975647374412536, 0.9975640502598243], "cell_113": [-0.2249510543438653, -0.9743700647852352], "cell_162": [-0.40673664307580026, 0.9135454576426009], "cell_144": [0.4848096202463372, -0.8746197071393956], "cell_79": [0.5446390350150271, 0.838670567945424], "cell_135": [0.9659258262890683, -0.2588190451025207], "cell_170": [-1.0, 1.2246467991473532e-16], "cell_191": [0.5446390350150266, -0.8386705679454243], "cell_111": [0.3907311284892735, -0.9205048534524405], "cell_40": [-0.8386705679454239, 0.5446390350150273], "cell_102": [-0.882947592858927, 0.4694715627858907], "cell_27": [0.8660254037844384, -0.5000000000000004], "cell_182": [0.42261826174069966, -0.9063077870366499], "cell_81": [0.8987940462991668, -0.4383711467890778], "cell_74": [-0.9271838545667874, -0.374606593415912], "cell_142": [-0.5591929034707467, 0.8290375725550418], "cell_199": [-0.9702957262759966, -0.24192189559966754], "cell_93": [0.9659258262890683, -0.2588190451025207], "cell_87": [-0.8660254037844387, 0.49999999999999994], "cell_44": [-0.9945218953682734, -0.1045284632676535], "cell_177": [0.0174524064372836, 0.9998476951563913], "cell_118": [-0.06975647374412536, 0.9975640502598243], "cell_148": [0.754709580222772, 0.6560590289905073], "cell_58": [0.9563047559630354, 0.29237170472273677], "cell_116": [0.9271838545667874, 0.374606593415912], "cell_161": [-0.7771459614569709, 0.6293203910498374], "cell_172": [0.7986355100472928, 0.6018150231520483], "cell_76": [0.981627183447664, -0.19080899537654467], "cell_96": [-0.9205048534524404, 0.39073112848927377], "cell_140": [0.3583679495453004, -0.9335804264972017], "cell_50": [0.9961946980917455, 0.08715574274765817]}