{"cell_284": [-0.90630778703665, -0.4226182617406993], "cell_96": [-0.743144825477394, 0.6691306063588585], "cell_107": [0.5446390350150271, 0.838670567945424], "cell_268": [-0.1908089953765448, 0.981627183447664], "cell_98": [0.8910065241883679, 0.4539904997395468], "cell_94": [0.9961946980917455, -0.08715574274765832], "cell_238": [0.25881904510252074, 0.9659258262890683], "cell_53": [-0.6691306063588582, 0.7431448254773942], "cell_87": [0.838670567945424, -0.544639035015027], "cell_165": [-0.29237170472273716, -0.9563047559630354], "cell_318": [-0.10452846326765336, -0.9945218953682734], "cell_208": [0.7986355100472928, -0.6018150231520483], "cell_239": [-0.9986295347545739, -0.05233595624294357], "cell_250": [-0.8480480961564261, -0.5299192642332048], "cell_265": [0.7071067811865476, 0.7071067811865475], "cell_262": [-0.8386705679454239, 0.5446390350150273], "cell_43": [0.7071067811865476, 0.7071067811865475], "cell_245": [-0.6018150231520485, 0.7986355100472928], "cell_117": [-0.9659258262890683, -0.2588190451025208], "cell_186": [-0.42261826174069933, 0.90630778703665], "cell_59": [-0.9961946980917455, -0.08715574274765794], "cell_125": [0.9925461516413221, 0.12186934340514749], "cell_290": [-0.8829475928589269, -0.46947156278589086], "cell_143": [-0.017452406437283477, 0.9998476951563913], "cell_95": [0.6691306063588579, -0.7431448254773947], "cell_243": [-0.29237170472273666, 0.9563047559630355], "cell_71": [-0.32556815445715664, -0.9455185755993168], "cell_216": [0.8090169943749475, 0.5877852522924731], "cell_192": [-0.35836794954530077, -0.9335804264972016], "cell_230": [-0.017452406437283498, -0.9998476951563913], "cell_110": [-0.9205048534524404, 0.39073112848927377], "cell_232": [-0.7880107536067221, -0.6156614753256583], "cell_140": [0.9510565162951536, 0.30901699437494745], "cell_44": [-0.5591929034707468, 0.8290375725550418], "cell_97": [-0.8191520442889918, -0.5735764363510462], "cell_189": [0.7771459614569709, 0.6293203910498374], "cell_128": [-1.8369701987210297e-16, -1.0], "cell_76": [0.3583679495453004, -0.9335804264972017], "cell_218": [0.9986295347545739, -0.052335956242944376], "cell_298": [0.7193398003386509, -0.6946583704589976], "cell_118": [0.15643446504023092, 0.9876883405951378], "cell_104": [-0.29237170472273716, -0.9563047559630354], "cell_120": [-0.6427876096865394, 0.766044443118978], "cell_168": [0.9848077530122081, 0.17364817766693036], "cell_61": [0.838670567945424, 0.5446390350150271], "cell_85": [-0.9945218953682733, 0.10452846326765373], "cell_162": [0.42261826174069944, 0.9063077870366499], "cell_204": [-0.08715574274765825, -0.9961946980917455], "cell_312": [-0.9961946980917455, 0.0871557427476582], "cell_55": [0.5446390350150271, 0.838670567945424], "cell_249": [0.9271838545667873, -0.37460659341591235], "cell_320": [0.2923717047227368, 0.9563047559630355], "cell_36": [0.20791169081775948, 0.9781476007338057], "cell_49": [-0.9975640502598243, -0.06975647374412529], "cell_183": [-0.4226182617406992, -0.9063077870366502], "cell_255": [-0.34202014332566855, -0.9396926207859084], "cell_271": [0.24192189559966767, 0.9702957262759965], "cell_57": [0.27563735581699916, 0.9612616959383189], "cell_175": [-0.6018150231520485, 0.7986355100472928], "cell_260": [0.9743700647852351, -0.22495105434386534], "cell_47": [-0.42261826174069933, 0.90630778703665], "cell_41": [0.7431448254773944, -0.6691306063588581], "cell_240": [-0.3907311284892739, -0.9205048534524404], "cell_102": [0.6560590289905073, 0.754709580222772], "cell_164": [-0.6293203910498373, 0.777145961456971], "cell_152": [0.9925461516413221, 0.12186934340514749], "cell_280": [0.24192189559966745, -0.9702957262759966], "cell_322": [0.8910065241883679, 0.4539904997395468], "cell_258": [-0.22495105434386528, -0.9743700647852352], "cell_195": [-0.898794046299167, 0.4383711467890773], "cell_292": [-0.4383711467890775, 0.8987940462991669], "cell_159": [-0.6560590289905072, 0.7547095802227721], "cell_173": [-0.8660254037844386, -0.5000000000000001], "cell_223": [0.01745240643728313, -0.9998476951563913], "cell_142": [-0.7547095802227722, -0.6560590289905072], "cell_132": [0.20791169081775948, 0.9781476007338057], "cell_229": [0.20791169081775948, -0.9781476007338057], "cell_114": [0.7986355100472928, -0.6018150231520483], "cell_92": [-0.08715574274765824, 0.9961946980917455], "cell_83": [-0.6427876096865395, -0.7660444431189779], "cell_89": [-0.7431448254773942, -0.6691306063588582], "cell_169": [-0.3907311284892739, -0.9205048534524404], "cell_116": [0.8571673007021122, -0.5150380749100546], "cell_211": [0.8571673007021123, 0.5150380749100542], "cell_155": [0.754709580222772, 0.6560590289905073], "cell_282": [-0.6018150231520483, -0.7986355100472928], "cell_163": [-0.5735764363510463, 0.8191520442889918], "cell_295": [0.25881904510252074, 0.9659258262890683], "cell_65": [-0.8480480961564261, -0.5299192642332048], "cell_294": [0.9335804264972017, 0.35836794954530027], "cell_297": [-0.9876883405951378, -0.15643446504023073], "cell_319": [-0.7193398003386513, 0.6946583704589971], "cell_276": [-0.25881904510252063, -0.9659258262890683], "cell_134": [0.981627183447664, -0.19080899537654467], "cell_263": [0.7986355100472928, -0.6018150231520483], "cell_45": [-0.6293203910498373, 0.777145961456971], "cell_93": [-0.5000000000000004, -0.8660254037844384], "cell_154": [-0.13917310096006535, 0.9902680687415704], "cell_70": [0.7660444431189778, -0.6427876096865396], "cell_287": [0.9455185755993168, -0.3255681544571567], "cell_77": [-1.0, 1.2246467991473532e-16], "cell_299": [0.7071067811865474, -0.7071067811865477], "cell_212": [-0.6427876096865395, -0.7660444431189779], "cell_39": [-0.9659258262890683, -0.2588190451025208], "cell_100": [-0.9945218953682733, 0.10452846326765373], "cell_91": [0.5877852522924731, 0.8090169943749475], "cell_285": [0.838670567945424, -0.544639035015027], "cell_63": [0.342020143325669, -0.9396926207859083], "cell_199": [-0.484809620246337, 0.8746197071393959], "cell_305": [-0.6427876096865395, -0.7660444431189779], "cell_82": [0.838670567945424, 0.5446390350150271], "cell_145": [0.5150380749100542, 0.8571673007021123], "cell_153": [-0.9563047559630354, -0.29237170472273677], "cell_206": [-0.9876883405951378, 0.156434465040231], "cell_228": [-0.9612616959383189, -0.275637355816999], "cell_62": [0.559192903470747, -0.8290375725550416], "cell_108": [0.8290375725550417, 0.5591929034707469], "cell_272": [-0.6691306063588581, -0.7431448254773944], "cell_221": [-0.5877852522924732, -0.8090169943749473], "cell_237": [0.25881904510252074, 0.9659258262890683], "cell_200": [0.4694715627858905, -0.8829475928589272], "cell_233": [-0.7771459614569708, -0.6293203910498376], "cell_283": [-0.898794046299167, 0.4383711467890773], "cell_246": [0.9612616959383189, 0.27563735581699916], "cell_210": [-0.30901699437494756, -0.9510565162951535], "cell_69": [-0.6560590289905073, -0.754709580222772], "cell_174": [0.9205048534524404, 0.39073112848927377], "cell_291": [0.17364817766693041, 0.984807753012208], "cell_129": [0.5591929034707468, 0.8290375725550417], "cell_119": [-0.20791169081775934, 0.9781476007338057], "cell_123": [-0.45399049973954697, -0.8910065241883678], "cell_90": [0.9876883405951378, 0.15643446504023087], "cell_309": [0.5591929034707468, 0.8290375725550417], "cell_166": [-0.9945218953682733, 0.10452846326765373], "cell_217": [-0.8191520442889919, 0.5735764363510459], "cell_141": [0.9563047559630354, 0.29237170472273677], "cell_99": [0.5877852522924729, -0.8090169943749476], "cell_213": [-0.8660254037844386, -0.5000000000000001], "cell_178": [-0.25881904510252063, -0.9659258262890683], "cell_124": [0.9945218953682734, -0.10452846326765343], "cell_68": [0.3907311284892737, 0.9205048534524404], "cell_308": [0.7431448254773944, -0.6691306063588581], "cell_148": [-0.8746197071393957, 0.48480962024633717], "cell_306": [-0.9205048534524405, -0.3907311284892736], "cell_171": [0.05233595624294395, -0.9986295347545739],