{"cell_70": [0.5299192642332047, -0.8480480961564262], "cell_50": [-0.5735764363510463, 0.8191520442889918], "cell_271": [-0.08715574274765824, 0.9961946980917455], "cell_101": [-0.052335956242944306, -0.9986295347545738], "cell_328": [-0.37460659341591207, 0.9271838545667874], "cell_207": [-0.9455185755993168, -0.3255681544571568], "cell_167": [-0.25881904510252085, 0.9659258262890683], "cell_57": [-0.4226182617406992, -0.9063077870366502], "cell_242": [-0.9271838545667874, -0.374606593415912], "cell_200": [-0.9998476951563913, 0.01745240643728344], "cell_161": [-0.42261826174069933, 0.90630778703665], "cell_80": [-0.9612616959383189, 0.2756373558169992], "cell_187": [-0.5735764363510463, 0.8191520442889918], "cell_217": [-1.0, 1.2246467991473532e-16], "cell_219": [-0.6691306063588581, -0.7431448254773944], "cell_119": [0.40673664307580026, 0.913545457642601], "cell_118": [0.40673664307579976, -0.9135454576426011], "cell_241": [-0.9848077530122081, 0.1736481776669303], "cell_54": [0.7771459614569706, -0.6293203910498378], "cell_38": [0.7771459614569709, 0.6293203910498374], "cell_42": [0.8090169943749475, 0.5877852522924731], "cell_62": [-0.034899496702500955, 0.9993908270190958], "cell_133": [0.981627183447664, -0.19080899537654467], "cell_181": [-0.6293203910498373, 0.777145961456971], "cell_260": [0.848048096156426, -0.5299192642332051], "cell_250": [-1.0, 1.2246467991473532e-16], "cell_99": [0.5000000000000001, -0.8660254037844386], "cell_149": [-0.8910065241883678, 0.45399049973954686], "cell_313": [0.7986355100472928, -0.6018150231520483], "cell_162": [-0.5000000000000004, -0.8660254037844384], "cell_146": [-0.9612616959383189, 0.2756373558169992], "cell_222": [-0.7660444431189781, -0.6427876096865394], "cell_155": [0.5735764363510462, 0.8191520442889919], "cell_325": [-0.9945218953682734, -0.10452846326765351], "cell_243": [6.123233995736766e-17, 1.0], "cell_174": [0.6293203910498376, -0.7771459614569709], "cell_102": [0.9702957262759965, -0.24192189559966787], "cell_145": [-0.2079116908177598, -0.9781476007338056], "cell_37": [-0.8290375725550418, -0.5591929034707467], "cell_213": [0.05233595624294395, -0.9986295347545739], "cell_98": [0.9396926207859084, -0.3420201433256686], "cell_171": [0.4383711467890775, 0.898794046299167], "cell_293": [-0.7880107536067219, 0.6156614753256584], "cell_74": [-0.9743700647852352, 0.22495105434386523], "cell_266": [0.6427876096865394, 0.766044443118978], "cell_112": [-0.90630778703665, -0.4226182617406993], "cell_305": [0.882947592858927, -0.4694715627858908], "cell_297": [-0.6293203910498378, -0.7771459614569706], "cell_329": [-0.25881904510252085, 0.9659258262890683], "cell_295": [0.9659258262890683, -0.2588190451025207], "cell_165": [0.3255681544571563, -0.945518575599317], "cell_206": [-0.05233595624294385, 0.9986295347545739], "cell_251": [-0.992546151641322, 0.12186934340514755], "cell_234": [0.1218693434051475, 0.9925461516413221], "cell_275": [0.5446390350150268, -0.8386705679454244], "cell_168": [0.3420201433256689, 0.9396926207859084], "cell_128": [0.882947592858927, 0.4694715627858908], "cell_180": [-0.9135454576426008, 0.40673664307580043], "cell_231": [-0.1564344650402308, 0.9876883405951378], "cell_81": [-0.5150380749100545, -0.8571673007021122], "cell_88": [-0.8191520442889918, -0.5735764363510462], "cell_143": [-0.35836794954530027, 0.9335804264972017], "cell_47": [-0.1908089953765446, -0.981627183447664], "cell_194": [0.7193398003386512, 0.6946583704589973], "cell_201": [-0.9961946980917455, 0.0871557427476582], "cell_304": [-0.8660254037844386, -0.5000000000000001], "cell_331": [-0.9876883405951378, 0.156434465040231], "cell_104": [0.5299192642332047, -0.8480480961564262], "cell_125": [-0.913545457642601, -0.40673664307580026], "cell_75": [-0.8191520442889919, 0.5735764363510459], "cell_63": [0.9396926207859084, -0.3420201433256686], "cell_287": [0.9975640502598243, 0.06975647374412532], "cell_69": [-0.9205048534524405, -0.3907311284892736], "cell_154": [0.37460659341591196, 0.9271838545667874], "cell_131": [0.9925461516413221, 0.12186934340514749], "cell_212": [0.7986355100472928, 0.6018150231520483], "cell_228": [0.913545457642601, -0.4067366430758002], "cell_64": [0.6427876096865393, -0.7660444431189781], "cell_214": [-0.9205048534524405, -0.3907311284892736], "cell_49": [0.913545457642601, 0.40673664307580026], "cell_76": [0.882947592858927, 0.4694715627858908], "cell_184": [0.10452846326765347, 0.9945218953682734], "cell_255": [-0.6819983600624987, -0.7313537016191705], "cell_246": [-0.9848077530122081, 0.1736481776669303], "cell_109": [-0.882947592858927, 0.4694715627858907], "cell_298": [0.2588190451025203, -0.9659258262890684], "cell_211": [-0.7986355100472928, -0.6018150231520484], "cell_86": [-0.4067366430758001, -0.913545457642601], "cell_237": [-0.484809620246337, 0.8746197071393959], "cell_84": [-0.838670567945424, -0.5446390350150271], "cell_218": [-0.6946583704589974, 0.7193398003386511], "cell_230": [0.7660444431189778, -0.6427876096865396], "cell_198": [0.06975647374412525, 0.9975640502598243], "cell_283": [0.9335804264972016, -0.3583679495453008], "cell_288": [-0.7071067811865475, 0.7071067811865476], "cell_191": [0.3255681544571568, 0.9455185755993168], "cell_226": [0.9781476007338056, -0.20791169081775987], "cell_232": [0.9902680687415703, -0.13917310096006588], "cell_301": [0.981627183447664, -0.19080899537654467], "cell_224": [-0.24192189559966779, 0.9702957262759965], "cell_53": [-0.9396926207859084, 0.34202014332566893], "cell_65": [0.46947156278589086, 0.8829475928589269], "cell_77": [0.9848077530122081, 0.17364817766693036], "cell_296": [0.42261826174069966, -0.9063077870366499], "cell_333": [0.1218693434051475, 0.9925461516413221], "cell_51": [0.15643446504023092, 0.9876883405951378], "cell_160": [0.06975647374412525, 0.9975640502598243], "cell_320": [-0.6946583704589973, -0.7193398003386512], "cell_273": [-0.6819983600624987, -0.7313537016191705], "cell_215": [-0.13917310096006583, -0.9902680687415703], "cell_270": [-0.6946583704589974, 0.7193398003386511], "cell_43": [0.03489949670250108, 0.9993908270190958], "cell_310": [0.7193398003386509, -0.6946583704589976], "cell_58": [-0.6691306063588582, 0.7431448254773942], "cell_268": [0.6427876096865393, -0.7660444431189781], "cell_176": [0.9998476951563913, -0.01745240643728356], "cell_269": [-0.034899496702500955, 0.9993908270190958], "cell_141": [-0.9876883405951378, -0.15643446504023073], "cell_321": [0.5299192642332047, -0.8480480961564262], "cell_326": [-0.7071067811865475, 0.7071067811865476], "cell_55": [-0.05233595624294385, 0.9986295347545739], "cell_258": [-0.9975640502598243, 0.06975647374412554], "cell_327": [-0.25881904510252063, -0.9659258262890683], "cell_156": [-0.6427876096865394, 0.766044443118978], "cell_83": [0.6293203910498376, -0.7771459614569709], "cell_225": [-0.743144825477394, 0.6691306063588585], "cell_157": [0.8191520442889919, 0.5735764363510462], "cell_139": [-0.43837114678907774, -0.8987940462991668], "cell_36": [0.9455185755993168, -0.3255681544571567], "cell_48": [-0.6427876096865394, 0.766044443118978], "cell_148": [0.5446390350150268, -0.8386705679454244], "cell_193": [-0.898794046299167, -0.4383711467890775], "cell_170": [0.8660254037844384, -0.5000000000000004], "cell_179": [0.5000000000000001, 0.8660254037844386], "cell_116": [0.9986295347545739, -0.052335956242944376], "cell_147": [0.9659258262890683, 0.25881904510252074], "cell_244": [-0.35836794954530077, -0.9335804264972016], "cell_300": [-0.9396926207859084, 0.34202014332566893], "cell_208": [0.9975640502598242, -0.06975647374412564], "cell_105": [0.37460659341591196, 0.9271838545667874], "cell_124": [0.7431448254773942, 0.6691306063588582], "cell_153": [0.559192903470747, -0.8290375725550416], "cell_46": [0.7660444431189781, 0.6427876096865394], "cell_82": [-0.9961946980917455, 0.0871557427476582], "cell_185": [0.4383711467890775, 0.898794046299167], "cell_314": [-0.9986295347545739, 0.052335956242943814],