{"cell_250": [-0.6819983600624987, -0.7313537016191705], "cell_221": [0.6293203910498376, -0.7771459614569709], "cell_128": [-0.9781476007338056, -0.2079116908177595], "cell_164": [0.913545457642601, -0.4067366430758002], "cell_78": [-0.838670567945424, -0.5446390350150271], "cell_82": [-0.743144825477394, 0.6691306063588585], "cell_190": [-0.9961946980917455, 0.0871557427476582], "cell_261": [-0.40673664307580026, 0.9135454576426009], "cell_209": [0.3907311284892737, 0.9205048534524404], "cell_220": [-0.8090169943749473, 0.5877852522924732], "cell_243": [0.848048096156426, -0.5299192642332051], "cell_50": [0.05233595624294397, 0.9986295347545739], "cell_293": [0.9902680687415703, -0.13917310096006588], "cell_224": [0.7193398003386512, 0.6946583704589973], "cell_248": [-0.30901699437494756, -0.9510565162951535], "cell_239": [0.25881904510252074, 0.9659258262890683], "cell_184": [-0.9271838545667873, 0.37460659341591224], "cell_41": [-0.9659258262890683, -0.2588190451025208], "cell_278": [-0.9945218953682734, -0.10452846326765351], "cell_59": [0.9063077870366499, 0.42261826174069944], "cell_309": [-0.7313537016191705, 0.6819983600624986], "cell_134": [-0.24192189559966779, -0.9702957262759965], "cell_268": [0.9986295347545739, -0.052335956242944376], "cell_186": [0.9205048534524404, 0.39073112848927377], "cell_178": [0.4539904997395467, -0.891006524188368], "cell_143": [0.01745240643728313, -0.9998476951563913], "cell_307": [-0.052335956242944306, -0.9986295347545738], "cell_318": [0.30901699437494723, -0.9510565162951536], "cell_88": [0.8910065241883678, -0.45399049973954697], "cell_198": [0.3420201433256689, 0.9396926207859084], "cell_259": [0.20791169081775948, -0.9781476007338057], "cell_102": [0.9993908270190958, -0.034899496702500823], "cell_93": [0.9455185755993168, -0.3255681544571567], "cell_310": [-0.7771459614569708, -0.6293203910498376], "cell_247": [-0.7986355100472928, -0.6018150231520484], "cell_200": [-0.9848077530122081, 0.1736481776669303], "cell_281": [-0.17364817766693036, -0.9848077530122081], "cell_210": [-0.7986355100472928, -0.6018150231520484], "cell_142": [0.8910065241883679, 0.4539904997395468], "cell_51": [-0.6427876096865395, -0.7660444431189779], "cell_182": [-0.8290375725550418, -0.5591929034707467], "cell_234": [-0.46947156278589075, -0.882947592858927], "cell_258": [0.6293203910498376, -0.7771459614569709], "cell_188": [0.9876883405951378, -0.15643446504023115], "cell_138": [-0.838670567945424, -0.5446390350150271], "cell_113": [-0.48480962024633684, -0.874619707139396], "cell_68": [-0.12186934340514717, -0.9925461516413221], "cell_73": [0.9455185755993168, -0.3255681544571567], "cell_139": [-0.7771459614569709, 0.6293203910498374], "cell_169": [0.7431448254773944, -0.6691306063588581], "cell_84": [-0.9743700647852352, -0.22495105434386498], "cell_303": [0.9455185755993168, -0.3255681544571567], "cell_204": [-0.6293203910498373, 0.777145961456971], "cell_61": [-0.8829475928589269, -0.46947156278589086], "cell_272": [-0.913545457642601, -0.40673664307580026], "cell_266": [0.4383711467890774, -0.898794046299167], "cell_47": [-0.05233595624294385, 0.9986295347545739], "cell_244": [-0.29237170472273716, -0.9563047559630354], "cell_129": [0.2923717047227368, 0.9563047559630355], "cell_225": [0.05233595624294397, 0.9986295347545739], "cell_308": [0.42261826174069944, 0.9063077870366499], "cell_192": [-0.42261826174069933, 0.90630778703665], "cell_201": [-0.7660444431189779, 0.6427876096865395], "cell_319": [-0.9455185755993168, 0.3255681544571566], "cell_149": [-0.17364817766693033, 0.9848077530122081], "cell_287": [-0.9902680687415704, -0.13917310096006555], "cell_90": [-0.3907311284892739, -0.9205048534524404], "cell_63": [0.7313537016191706, 0.6819983600624986], "cell_76": [0.6293203910498376, -0.7771459614569709], "cell_245": [-0.544639035015027, -0.8386705679454242], "cell_219": [-0.10452846326765336, -0.9945218953682734], "cell_325": [0.1218693434051475, 0.9925461516413221], "cell_147": [-0.9876883405951378, 0.156434465040231], "cell_60": [-0.0697564737441256, -0.9975640502598243], "cell_286": [0.20791169081775948, -0.9781476007338057], "cell_55": [0.882947592858927, 0.4694715627858908], "cell_187": [-0.6156614753256581, -0.7880107536067221], "cell_222": [0.559192903470747, -0.8290375725550416], "cell_324": [-0.6427876096865395, -0.7660444431189779], "cell_96": [0.5591929034707468, 0.8290375725550417], "cell_260": [0.3420201433256689, 0.9396926207859084], "cell_105": [0.13917310096006547, -0.9902680687415704], "cell_292": [0.10452846326765347, 0.9945218953682734], "cell_196": [-0.9612616959383189, -0.275637355816999], "cell_92": [-0.8386705679454239, 0.5446390350150273], "cell_218": [-0.24192189559966779, -0.9702957262759965], "cell_177": [0.01745240643728313, -0.9998476951563913], "cell_264": [0.4383711467890774, -0.898794046299167], "cell_112": [-0.9335804264972017, -0.3583679495453005], "cell_163": [-0.6691306063588581, -0.7431448254773944]}