{"cell_240": [-0.484809620246337, 0.8746197071393959], "cell_180": [-0.017452406437283477, 0.9998476951563913], "cell_251": [0.40673664307579976, -0.9135454576426011], "cell_276": [0.3907311284892737, 0.9205048534524404], "cell_238": [-0.7431448254773942, -0.6691306063588582], "cell_46": [0.9961946980917455, 0.08715574274765817], "cell_85": [-0.5591929034707468, 0.8290375725550418], "cell_104": [-0.9961946980917455, -0.08715574274765794], "cell_100": [-0.5735764363510463, 0.8191520442889918], "cell_40": [-0.484809620246337, 0.8746197071393959], "cell_99": [-0.8191520442889919, 0.5735764363510459], "cell_36": [-0.8290375725550417, 0.559192903470747], "cell_134": [0.3090169943749475, 0.9510565162951536], "cell_298": [-0.5591929034707468, 0.8290375725550418], "cell_86": [0.7547095802227719, -0.6560590289905074], "cell_79": [0.9975640502598242, -0.06975647374412564], "cell_261": [0.8910065241883679, 0.4539904997395468], "cell_243": [0.9205048534524404, 0.39073112848927377], "cell_163": [0.913545457642601, 0.40673664307580026], "cell_83": [-0.7660444431189779, 0.6427876096865395], "cell_301": [-0.754709580222772, 0.6560590289905073], "cell_265": [-0.981627183447664, 0.190808995376545], "cell_293": [-0.4694715627858909, 0.8829475928589269], "cell_213": [-0.13917310096006535, 0.9902680687415704], "cell_174": [-0.9563047559630355, 0.2923717047227366], "cell_203": [0.8571673007021122, -0.5150380749100546], "cell_108": [-0.4226182617406992, -0.9063077870366502], "cell_175": [0.17364817766693041, 0.984807753012208], "cell_221": [-0.9925461516413221, -0.12186934340514731], "cell_244": [-0.8660254037844387, 0.49999999999999994], "cell_274": [-0.37460659341591207, 0.9271838545667874], "cell_311": [-0.32556815445715664, -0.9455185755993168], "cell_248": [-0.9876883405951378, 0.156434465040231], "cell_45": [0.4848096202463371, 0.8746197071393957], "cell_69": [0.9396926207859084, -0.3420201433256686], "cell_291": [-0.6819983600624984, 0.7313537016191706], "cell_101": [0.9205048534524404, 0.39073112848927377], "cell_199": [-0.9563047559630355, 0.2923717047227366], "cell_232": [0.559192903470747, -0.8290375725550416], "cell_172": [0.19080899537654492, 0.981627183447664], "cell_264": [-0.9563047559630354, -0.29237170472273677], "cell_27": [0.5000000000000001, 0.8660254037844386], "cell_81": [0.4383711467890775, 0.898794046299167], "cell_141": [0.6819983600624987, -0.7313537016191703], "cell_307": [0.30901699437494723, -0.9510565162951536], "cell_179": [-0.8090169943749476, -0.5877852522924731], "cell_154": [0.838670567945424, -0.544639035015027], "cell_178": [0.2923717047227368, 0.9563047559630355], "cell_284": [-0.017452406437283498, -0.9998476951563913], "cell_62": [0.5877852522924729, -0.8090169943749476], "cell_68": [0.01745240643728313, -0.9998476951563913], "cell_310": [-0.9993908270190958, 0.03489949670250114], "cell_51": [0.4539904997395467, -0.891006524188368], "cell_58": [0.8290375725550417, 0.5591929034707469], "cell_107": [-0.743144825477394, 0.6691306063588585], "cell_254": [0.4383711467890774, -0.898794046299167], "cell_236": [0.7431448254773942, 0.6691306063588582], "cell_278": [-0.8660254037844386, -0.5000000000000001], "cell_187": [0.342020143325669, -0.9396926207859083], "cell_120": [0.9993908270190958, 0.03489949670250097], "cell_289": [-0.6819983600624984, 0.7313537016191706], "cell_285": [0.8910065241883679, 0.4539904997395468], "cell_190": [-0.27563735581699905, 0.9612616959383189], "cell_30": [-0.8746197071393959, -0.48480962024633695], "cell_222": [-0.12186934340514737, 0.9925461516413221], "cell_220": [-0.5299192642332048, 0.8480480961564261], "cell_250": [-0.7193398003386511, -0.6946583704589974], "cell_270": [-0.9205048534524405, -0.3907311284892736], "cell_139": [-0.9945218953682734, -0.10452846326765351], "cell_131": [-0.8571673007021122, 0.5150380749100544], "cell_202": [0.6560590289905073, 0.754709580222772], "cell_231": [-0.9659258262890683, -0.2588190451025208], "cell_151": [-0.8480480961564261, -0.5299192642332048], "cell_43": [0.6018150231520483, 0.7986355100472928], "cell_176": [-0.25881904510252085, 0.9659258262890683], "cell_292": [-0.9998476951563913, -0.017452406437283637], "cell_52": [-0.5735764363510464, -0.8191520442889916], "cell_130": [0.9848077530122081, 0.17364817766693036], "cell_47": [0.6560590289905073, 0.754709580222772], "cell_249": [0.2588190451025203, -0.9659258262890684], "cell_239": [-0.017452406437283477, 0.9998476951563913], "cell_302": [-0.6691306063588581, -0.7431448254773944], "cell_262": [-0.8829475928589269, -0.46947156278589086], "cell_257": [-0.45399049973954697, -0.8910065241883678], "cell_118": [-0.017452406437283498, -0.9998476951563913], "cell_206": [-0.4694715627858909, 0.8829475928589269], "cell_258": [-0.9563047559630355, 0.2923717047227366], "cell_153": [-0.981627183447664, 0.190808995376545], "cell_67": [-0.8191520442889919, 0.5735764363510459], "cell_259": [-0.9205048534524405, -0.3907311284892736], "cell_215": [0.9396926207859084, -0.3420201433256686], "cell_87": [-0.7193398003386513, 0.6946583704589971], "cell_38": [-0.1908089953765448, 0.981627183447664], "cell_271": [0.22495105434386492, 0.9743700647852352], "cell_48": [-0.4067366430758001, -0.913545457642601], "cell_252": [-0.8290375725550417, 0.559192903470747], "cell_148": [0.30901699437494723, -0.9510565162951536], "cell_128": [0.7660444431189778, -0.6427876096865396], "cell_306": [-0.9455185755993168, -0.3255681544571568], "cell_82": [0.9961946980917455, 0.08715574274765817], "cell_115": [-0.017452406437283498, -0.9998476951563913], "cell_218": [-0.754709580222772, 0.6560590289905073], "cell_106": [-0.9961946980917455, 0.0871557427476582], "cell_186": [-0.9998476951563913, 0.01745240643728344], "cell_256": [0.17364817766692997, -0.9848077530122081], "cell_273": [-0.1564344650402308, 0.9876883405951378], "cell_24": [-0.25881904510252063, -0.9659258262890683], "cell_219": [0.6293203910498376, -0.7771459614569709], "cell_288": [-0.9876883405951378, -0.15643446504023073], "cell_102": [0.10452846326765347, 0.9945218953682734], "cell_201": [-0.9659258262890683, -0.2588190451025208], "cell_260": [-0.6691306063588581, -0.7431448254773944], "cell_111": [-0.6691306063588581, -0.7431448254773944], "cell_28": [-0.7986355100472929, 0.6018150231520482], "cell_165": [-0.743144825477394, 0.6691306063588585], "cell_177": [0.8987940462991668, -0.4383711467890778], "cell_204": [-0.90630778703665, -0.4226182617406993], "cell_200": [-0.9335804264972017, -0.3583679495453005], "cell_294": [0.9848077530122081, 0.17364817766693036], "cell_214": [-0.8910065241883679, -0.4539904997395467], "cell_97": [-0.8746197071393957, 0.48480962024633717], "cell_92": [0.17364817766693041, 0.984807753012208], "cell_171": [0.9925461516413221, 0.12186934340514749], "cell_296": [-0.754709580222772, 0.6560590289905073], "cell_283": [-0.42261826174069933, 0.90630778703665], "cell_122": [0.8910065241883678, -0.45399049973954697], "cell_65": [0.8746197071393959, 0.4848096202463371], "cell_241": [0.9205048534524403, -0.3907311284892739], "cell_33": [-0.9961946980917455, -0.08715574274765794], "cell_96": [0.8660254037844384, -0.5000000000000004], "cell_237": [-0.034899496702500955, 0.9993908270190958], "cell_63": [-0.6691306063588582, 0.7431448254773942], "cell_226": [6.123233995736766e-17, 1.0], "cell_194": [0.9205048534524404, 0.39073112848927377], "cell_31": [0.3255681544571568, 0.9455185755993168], "cell_196": [0.7193398003386509, -0.6946583704589976], "cell_94": [0.559192903470747, -0.8290375725550416], "cell_155": [0.9563047559630354, 0.29237170472273677], "cell_286": [0.03489949670250108, 0.9993908270190958], "cell_89": [-0.46947156278589075, -0.882947592858927], "cell_76": [-0.5150380749100545, -0.8571673007021122], "cell_124": [-0.2079116908177598, -0.9781476007338056], "cell_280": [0.838670567945424, -0.544639035015027], "cell_272": [0.9659258262890683, -0.2588190451025207], "cell_166": [0.529919264233205, 0.8480480961564261],