{"cell_110": [0.9945218953682734, 0.10452846326765348], "cell_86": [-0.24192189559966779, 0.9702957262759965], "cell_37": [0.37460659341591196, 0.9271838545667874], "cell_58": [0.9335804264972017, 0.35836794954530027], "cell_69": [-0.29237170472273666, 0.9563047559630355], "cell_47": [0.6560590289905073, 0.754709580222772], "cell_81": [-0.2756373558169989, -0.961261695938319], "cell_56": [0.9510565162951536, 0.30901699437494745], "cell_114": [-0.6560590289905073, -0.754709580222772], "cell_117": [-0.6819983600624984, 0.7313537016191706], "cell_106": [0.7313537016191707, -0.6819983600624984], "cell_52": [0.9612616959383189, 0.27563735581699916], "cell_60": [-0.46947156278589075, -0.882947592858927], "cell_85": [0.5150380749100542, -0.8571673007021123], "cell_101": [0.8571673007021122, -0.5150380749100546], "cell_98": [0.08715574274765789, -0.9961946980917455], "cell_107": [-0.7880107536067219, 0.6156614753256584], "cell_131": [-0.9902680687415704, -0.13917310096006555], "cell_103": [-0.12186934340514737, 0.9925461516413221], "cell_83": [0.559192903470747, -0.8290375725550416], "cell_72": [-0.9902680687415704, 0.13917310096006533], "cell_68": [0.3420201433256689, 0.9396926207859084], "cell_87": [0.9396926207859084, -0.3420201433256686], "cell_100": [0.7986355100472928, -0.6018150231520483], "cell_118": [0.7547095802227719, -0.6560590289905074], "cell_102": [0.9271838545667873, -0.37460659341591235], "cell_39": [0.9335804264972017, 0.35836794954530027], "cell_96": [0.9563047559630353, -0.29237170472273716], "cell_70": [-0.10452846326765336, -0.9945218953682734], "cell_125": [-0.0697564737441256, -0.9975640502598243], "cell_129": [0.17364817766693041, 0.984807753012208], "cell_88": [-0.754709580222772, 0.6560590289905073], "cell_119": [-0.9998476951563913, 0.01745240643728344], "cell_61": [-0.034899496702500955, 0.9993908270190958], "cell_41": [0.8910065241883679, 0.4539904997395468], "cell_108": [0.6156614753256583, 0.788010753606722], "cell_79": [-0.6691306063588582, 0.7431448254773942], "cell_55": [0.9271838545667874, 0.374606593415912], "cell_66": [0.8480480961564261, 0.529919264233205], "cell_94": [-0.30901699437494756, -0.9510565162951535], "cell_91": [-0.743144825477394, 0.6691306063588585], "cell_126": [-0.5150380749100545, -0.8571673007021122], "cell_49": [0.7193398003386512, 0.6946583704589973], "cell_74": [-0.6427876096865394, 0.766044443118978], "cell_92": [0.6018150231520483, 0.7986355100472928], "cell_42": [0.7313537016191706, 0.6819983600624986], "cell_50": [0.9205048534524403, -0.3907311284892739], "cell_46": [-0.7313537016191706, -0.6819983600624984], "cell_36": [-0.8910065241883679, -0.4539904997395467], "cell_104": [0.9063077870366499, 0.42261826174069944], "cell_122": [-0.3746065934159123, -0.9271838545667873], "cell_115": [-0.29237170472273716, -0.9563047559630354], "cell_62": [0.9396926207859084, 0.3420201433256687], "cell_77": [0.30901699437494723, -0.9510565162951536], "cell_105": [-0.22495105434386503, 0.9743700647852352], "cell_78": [0.7880107536067221, -0.6156614753256582], "cell_133": [0.9925461516413221, 0.12186934340514749], "cell_134": [-0.034899496702500955, 0.9993908270190958], "cell_54": [-0.9335804264972017, -0.3583679495453005], "cell_97": [0.9659258262890683, -0.2588190451025207], "cell_80": [-0.9986295347545739, -0.05233595624294357], "cell_82": [-0.43837114678907774, -0.8987940462991668], "cell_111": [-0.9781476007338056, -0.2079116908177595], "cell_53": [0.8090169943749473, -0.5877852522924734], "cell_99": [0.7986355100472928, 0.6018150231520483], "cell_113": [-0.7660444431189779, 0.6427876096865395], "cell_121": [0.8746197071393959, 0.4848096202463371], "cell_128": [-0.7193398003386513, 0.6946583704589971], "cell_75": [0.9986295347545739, 0.05233595624294384], "cell_48": [-0.03489949670250076, -0.9993908270190958]}