{"cell_52": [-0.5000000000000004, -0.8660254037844384], "cell_98": [0.6018150231520483, 0.7986355100472928], "cell_63": [0.882947592858927, 0.4694715627858908], "cell_116": [0.9396926207859084, 0.3420201433256687], "cell_70": [-0.8910065241883679, -0.4539904997395467], "cell_62": [0.9998476951563913, -0.01745240643728356], "cell_37": [-0.7313537016191705, 0.6819983600624986], "cell_82": [0.7313537016191706, 0.6819983600624986], "cell_44": [-0.9993908270190958, 0.03489949670250114], "cell_114": [0.17364817766693041, 0.984807753012208], "cell_89": [-0.9271838545667874, -0.374606593415912], "cell_123": [0.7431448254773942, 0.6691306063588582], "cell_46": [-0.9455185755993168, 0.3255681544571566], "cell_131": [0.8191520442889919, 0.5735764363510462], "cell_111": [-0.8480480961564261, -0.5299192642332048], "cell_110": [0.9743700647852351, -0.22495105434386534], "cell_102": [0.9743700647852351, -0.22495105434386534], "cell_84": [0.754709580222772, 0.6560590289905073], "cell_125": [-0.9902680687415704, 0.13917310096006533], "cell_67": [-0.8910065241883678, 0.45399049973954686], "cell_94": [-0.6691306063588582, 0.7431448254773942], "cell_115": [0.5000000000000001, -0.8660254037844386], "cell_117": [-0.052335956242944306, -0.9986295347545738], "cell_128": [0.5299192642332047, -0.8480480961564262], "cell_133": [0.4848096202463373, -0.8746197071393956], "cell_61": [0.7547095802227719, -0.6560590289905074], "cell_35": [0.03489949670250128, -0.9993908270190958], "cell_59": [-0.6946583704589974, 0.7193398003386511], "cell_112": [0.8910065241883679, 0.4539904997395468], "cell_113": [0.4383711467890775, 0.898794046299167]}