{"cell_64": [0.9612616959383189, 0.27563735581699916], "cell_55": [0.898794046299167, 0.4383711467890774], "cell_49": [-0.9743700647852352, -0.22495105434386498], "cell_65": [0.3907311284892735, -0.9205048534524405], "cell_40": [0.6156614753256583, 0.7880107536067219], "cell_36": [-0.4999999999999998, 0.8660254037844388], "cell_45": [-0.1564344650402308, 0.9876883405951378], "cell_60": [-0.4539904997395469, -0.8910065241883678], "cell_52": [0.3255681544571568, 0.9455185755993168], "cell_44": [-0.8829475928589269, -0.46947156278589086], "cell_66": [-0.9455185755993168, 0.3255681544571566], "cell_67": [0.4067366430758002, 0.913545457642601], "cell_69": [-0.4226182617406991, -0.9063077870366502], "cell_51": [-0.8571673007021123, -0.5150380749100542], "cell_62": [0.9986295347545739, 0.05233595624294384], "cell_56": [-0.7193398003386513, 0.6946583704589971], "cell_63": [0.754709580222772, 0.6560590289905073], "cell_54": [-0.4067366430758001, -0.913545457642601], "cell_2": [-0.4694715627858909, 0.8829475928589269], "cell_5": [-0.6293203910498373, 0.7771459614569711], "cell_43": [0.24192189559966767, 0.9702957262759965], "cell_41": [-0.838670567945424, -0.5446390350150271], "cell_6": [-1.8369701987210297e-16, -1.0], "cell_70": [-0.9135454576426008, 0.40673664307580043], "cell_3": [-0.8746197071393959, -0.48480962024633695], "cell_37": [0.4694715627858904, -0.8829475928589271], "cell_58": [0.9998476951563913, 0.01745240643728351], "cell_42": [0.9205048534524404, 0.39073112848927377]}