{"cell_113": [0.17364817766693041, 0.984807753012208], "cell_153": [-0.9925461516413221, -0.12186934340514731], "cell_78": [-0.9563047559630354, -0.29237170472273677], "cell_152": [0.15643446504023092, 0.9876883405951378], "cell_187": [-0.7071067811865475, 0.7071067811865476], "cell_117": [0.9455185755993168, 0.3255681544571567], "cell_75": [-1.0, 1.2246467991473532e-16], "cell_220": [0.5735764363510462, 0.8191520442889919], "cell_86": [0.5000000000000001, -0.8660254037844386], "cell_196": [-0.7071067811865477, -0.7071067811865475], "cell_154": [0.27563735581699916, 0.9612616959383189], "cell_178": [0.8191520442889919, 0.5735764363510462], "cell_114": [-0.9702957262759965, 0.24192189559966773], "cell_45": [0.4539904997395467, -0.891006524188368], "cell_258": [-0.9961946980917455, -0.08715574274765794], "cell_148": [0.961261695938319, -0.275637355816999], "cell_122": [-0.9975640502598243, 0.06975647374412554], "cell_239": [-0.6560590289905073, -0.754709580222772], "cell_183": [-0.529919264233205, -0.848048096156426], "cell_234": [0.8571673007021123, 0.5150380749100542], "cell_106": [0.913545457642601, -0.4067366430758002], "cell_244": [-0.7771459614569708, -0.6293203910498376], "cell_160": [-0.03489949670250076, -0.9993908270190958], "cell_97": [-0.6691306063588582, 0.7431448254773942], "cell_214": [0.9848077530122081, -0.17364817766693041], "cell_67": [-0.8090169943749473, 0.5877852522924732], "cell_102": [0.20791169081775948, -0.9781476007338057], "cell_166": [-0.5150380749100545, -0.8571673007021122], "cell_181": [0.6560590289905073, 0.754709580222772], "cell_135": [-0.9396926207859084, 0.34202014332566893], "cell_162": [0.12186934340514768, -0.992546151641322], "cell_277": [0.3583679495453004, 0.9335804264972017], "cell_80": [-0.22495105434386503, 0.9743700647852352], "cell_92": [6.123233995736766e-17, 1.0], "cell_276": [0.10452846326765347, 0.9945218953682734], "cell_235": [-0.7071067811865475, 0.7071067811865476], "cell_271": [-0.9335804264972017, 0.3583679495453002], "cell_40": [-0.48480962024633684, -0.874619707139396], "cell_256": [-0.37460659341591207, 0.9271838545667874], "cell_251": [0.5735764363510462, -0.8191520442889919], "cell_60": [0.913545457642601, -0.4067366430758002], "cell_95": [-0.7771459614569709, 0.6293203910498374], "cell_119": [-0.898794046299167, 0.4383711467890773], "cell_65": [-0.9612616959383189, -0.275637355816999], "cell_61": [-0.8571673007021123, -0.5150380749100542], "cell_165": [-0.6018150231520485, 0.7986355100472928], "cell_155": [0.30901699437494723, -0.9510565162951536], "cell_50": [0.01745240643728313, -0.9998476951563913], "cell_157": [0.6427876096865393, -0.7660444431189781], "cell_133": [-0.484809620246337, 0.8746197071393959], "cell_42": [-0.7660444431189779, 0.6427876096865395], "cell_210": [0.8571673007021123, 0.5150380749100542], "cell_222": [-0.32556815445715664, 0.9455185755993168], "cell_172": [-0.8660254037844386, -0.5000000000000001], "cell_247": [0.898794046299167, 0.43837114678907746], "cell_230": [-0.981627183447664, 0.190808995376545], "cell_279": [-0.9876883405951378, -0.15643446504023073], "cell_156": [0.9998476951563913, 0.01745240643728351], "cell_203": [-0.7660444431189781, -0.6427876096865394], "cell_164": [0.37460659341591196, 0.9271838545667874], "cell_131": [-0.9702957262759965, 0.24192189559966773], "cell_101": [-0.8290375725550418, -0.5591929034707467], "cell_94": [0.4694715627858905, -0.8829475928589272], "cell_225": [0.981627183447664, -0.19080899537654467], "cell_201": [0.8090169943749473, -0.5877852522924734], "cell_250": [0.2923717047227368, 0.9563047559630355], "cell_79": [0.8290375725550418, -0.5591929034707466], "cell_207": [-0.10452846326765336, -0.9945218953682734], "cell_248": [-0.017452406437283477, 0.9998476951563913], "cell_180": [-0.9975640502598243, -0.06975647374412529], "cell_145": [-0.12186934340514737, 0.9925461516413221], "cell_137": [-1.0, 1.2246467991473532e-16], "cell_100": [0.46947156278589086, 0.8829475928589269], "cell_142": [-0.6018150231520483, -0.7986355100472928], "cell_240": [0.8746197071393959, -0.4848096202463369], "cell_226": [-0.8290375725550417, 0.559192903470747], "cell_98": [0.8480480961564261, 0.529919264233205], "cell_70": [-0.17364817766693033, 0.9848077530122081], "cell_224": [0.9510565162951535, -0.3090169943749477], "cell_228": [0.3420201433256689, 0.9396926207859084], "cell_85": [0.656059028990507, -0.7547095802227722], "cell_237": [-0.45399049973954697, -0.8910065241883678], "cell_171": [-0.7313537016191705, 0.6819983600624986], "cell_52": [-0.13917310096006535, 0.9902680687415704], "cell_249": [0.9961946980917455, -0.08715574274765832], "cell_128": [0.9335804264972016, -0.3583679495453008], "cell_199": [-0.848048096156426, 0.529919264233205], "cell_205": [0.5299192642332047, -0.8480480961564262], "cell_206": [0.27563735581699916, 0.9612616959383189], "cell_241": [-0.8090169943749473, 0.5877852522924732], "cell_236": [0.9563047559630353, -0.29237170472273716], "cell_174": [-0.7313537016191705, 0.6819983600624986], "cell_186": [0.2588190451025203, -0.9659258262890684], "cell_71": [-0.8571673007021122, 0.5150380749100544], "cell_257": [0.7313537016191706, 0.6819983600624986], "cell_274": [-0.8191520442889918, -0.5735764363510462], "cell_59": [-0.1908089953765446, -0.981627183447664], "cell_161": [0.0174524064372836, 0.9998476951563913], "cell_202": [0.30901699437494723, -0.9510565162951536], "cell_51": [0.838670567945424, 0.5446390350150271], "cell_175": [-0.17364817766693033, 0.9848077530122081], "cell_123": [-0.017452406437283498, -0.9998476951563913], "cell_48": [0.06975647374412525, 0.9975640502598243], "cell_107": [-0.20791169081775934, 0.9781476007338057], "cell_212": [0.8191520442889919, 0.5735764363510462], "cell_267": [-0.10452846326765357, 0.9945218953682734], "cell_147": [-0.8090169943749473, 0.5877852522924732], "cell_197": [-0.7986355100472928, -0.6018150231520484], "cell_159": [-0.6018150231520485, 0.7986355100472928], "cell_144": [-0.7986355100472928, -0.6018150231520484], "cell_88": [0.913545457642601, -0.4067366430758002], "cell_127": [0.03489949670250128, -0.9993908270190958], "cell_223": [-0.24192189559966779, 0.9702957262759965], "cell_121": [-0.12186934340514717, -0.9925461516413221], "cell_188": [0.3583679495453004, 0.9335804264972017], "cell_138": [0.342020143325669, -0.9396926207859083], "cell_219": [0.8660254037844387, 0.49999999999999994], "cell_141": [-0.6293203910498373, 0.777145961456971], "cell_44": [-0.9998476951563913, -0.017452406437283637], "cell_89": [-0.9781476007338057, 0.20791169081775931], "cell_243": [-0.9876883405951378, 0.156434465040231], "cell_74": [-0.9781476007338056, -0.2079116908177595], "cell_173": [0.9876883405951378, 0.15643446504023087], "cell_169": [-0.9876883405951378, -0.15643446504023073], "cell_275": [-0.7986355100472928, -0.6018150231520484], "cell_259": [-0.754709580222772, 0.6560590289905073], "cell_105": [-0.35836794954530077, -0.9335804264972016], "cell_158": [0.7986355100472928, 0.6018150231520483], "cell_146": [-0.6018150231520483, -0.7986355100472928], "cell_58": [0.03489949670250108, 0.9993908270190958], "cell_213": [0.7986355100472928, -0.6018150231520483], "cell_118": [0.8090169943749473, -0.5877852522924734], "cell_41": [0.6293203910498374, 0.7771459614569709], "cell_91": [0.15643446504023092, 0.9876883405951378], "cell_185": [-0.6427876096865394, 0.766044443118978], "cell_221": [-0.9271838545667873, 0.37460659341591224], "cell_108": [0.03489949670250108, 0.9993908270190958], "cell_99": [-0.29237170472273666, 0.9563047559630355], "cell_116": [0.981627183447664, -0.19080899537654467], "cell_215": [0.6427876096865393, -0.7660444431189781], "cell_198": [0.8571673007021122, -0.5150380749100546], "cell_262": [0.3255681544571568, 0.9455185755993168], "cell_255": [-0.9975640502598243, 0.06975647374412554], "cell_189": [-0.8660254037844387, 0.49999999999999994], "cell_200": [0.5877852522924729, -0.8090169943749476], "cell_261": [-0.5735764363510464, -0.8191520442889916],