{"cell_184": [-0.7771459614569708, -0.6293203910498376], "cell_143": [0.17364817766692997, -0.9848077530122081], "cell_294": [-0.8191520442889919, 0.5735764363510459], "cell_313": [-0.6691306063588581, -0.7431448254773944], "cell_251": [-0.6560590289905073, -0.754709580222772], "cell_302": [-0.8660254037844387, 0.49999999999999994], "cell_317": [-0.7880107536067221, -0.6156614753256583], "cell_214": [-0.6156614753256583, 0.788010753606722], "cell_137": [-0.8290375725550417, 0.559192903470747], "cell_161": [-0.6946583704589973, -0.7193398003386512], "cell_147": [-0.9781476007338057, 0.20791169081775931], "cell_44": [0.45399049973954686, 0.8910065241883679], "cell_307": [0.01745240643728313, -0.9998476951563913], "cell_319": [-0.10452846326765336, -0.9945218953682734], "cell_209": [-0.7313537016191706, -0.6819983600624984], "cell_290": [-0.9396926207859084, 0.34202014332566893], "cell_105": [0.9743700647852352, 0.224951054343865], "cell_176": [-0.5000000000000004, -0.8660254037844384], "cell_117": [-0.9743700647852352, 0.22495105434386523], "cell_196": [0.6819983600624986, 0.7313537016191706], "cell_84": [0.9612616959383189, 0.27563735581699916], "cell_259": [0.5735764363510462, 0.8191520442889919], "cell_123": [0.13917310096006547, 0.9902680687415704], "cell_46": [-0.9781476007338056, -0.2079116908177595], "cell_206": [-0.9876883405951378, 0.156434465040231], "cell_275": [0.3583679495453004, 0.9335804264972017], "cell_204": [0.7771459614569709, 0.6293203910498374], "cell_168": [-0.25881904510252085, 0.9659258262890683], "cell_73": [-0.7660444431189779, 0.6427876096865395], "cell_267": [-0.4226182617406992, -0.9063077870366502], "cell_71": [-0.9993908270190958, 0.03489949670250114], "cell_85": [-0.6293203910498378, -0.7771459614569706], "cell_101": [-0.6156614753256583, 0.788010753606722], "cell_210": [0.7771459614569709, 0.6293203910498374], "cell_87": [-0.6156614753256581, -0.7880107536067221], "cell_74": [0.2588190451025203, -0.9659258262890684], "cell_215": [0.3583679495453004, -0.9335804264972017], "cell_193": [0.03489949670250108, 0.9993908270190958], "cell_37": [-0.27563735581699905, 0.9612616959383189], "cell_62": [0.5150380749100542, 0.8571673007021123], "cell_138": [0.6560590289905073, 0.754709580222772], "cell_50": [0.7071067811865474, -0.7071067811865477], "cell_120": [0.9659258262890683, 0.25881904510252074], "cell_93": [-0.12186934340514717, -0.9925461516413221], "cell_108": [0.5877852522924731, 0.8090169943749475], "cell_296": [0.9063077870366499, 0.42261826174069944], "cell_284": [-0.9455185755993168, 0.3255681544571566], "cell_242": [-0.9563047559630355, 0.2923717047227366], "cell_199": [-0.6819983600624987, -0.7313537016191705], "cell_243": [0.9876883405951378, -0.15643446504023115], "cell_218": [0.9975640502598242, -0.06975647374412564], "cell_246": [0.5735764363510462, 0.8191520442889919], "cell_43": [-0.9975640502598243, -0.06975647374412529], "cell_277": [6.123233995736766e-17, 1.0], "cell_230": [-0.4067366430758001, -0.913545457642601], "cell_88": [0.15643446504023067, -0.9876883405951378], "cell_55": [0.9902680687415704, 0.13917310096006544], "cell_211": [-0.9271838545667873, 0.37460659341591224], "cell_178": [0.7986355100472928, -0.6018150231520483], "cell_39": [-0.8746197071393957, 0.48480962024633717], "cell_162": [-0.9961946980917455, 0.0871557427476582], "cell_320": [-0.6946583704589973, -0.7193398003386512], "cell_95": [0.19080899537654514, -0.981627183447664], "cell_263": [0.8660254037844387, 0.49999999999999994], "cell_36": [-0.1564344650402308, 0.9876883405951378], "cell_49": [0.9986295347545739, 0.05233595624294384], "cell_169": [0.9659258262890683, -0.2588190451025207], "cell_240": [0.6819983600624987, -0.7313537016191703], "cell_125": [-0.30901699437494734, 0.9510565162951536], "cell_140": [-0.754709580222772, 0.6560590289905073], "cell_82": [-0.8480480961564261, -0.5299192642332048], "cell_136": [-0.7431448254773942, -0.6691306063588582], "cell_75": [-0.46947156278589075, -0.882947592858927], "cell_142": [0.9848077530122081, -0.17364817766693041], "cell_253": [0.27563735581699916, 0.9612616959383189], "cell_72": [0.3907311284892735, -0.9205048534524405], "cell_265": [-0.848048096156426, 0.529919264233205], "cell_220": [0.754709580222772, 0.6560590289905073], "cell_159": [-0.981627183447664, 0.190808995376545], "cell_127": [0.01745240643728313, -0.9998476951563913], "cell_172": [-0.984807753012208, -0.17364817766693047], "cell_66": [0.9455185755993168, -0.3255681544571567], "cell_42": [0.12186934340514768, -0.992546151641322], "cell_128": [0.981627183447664, -0.19080899537654467], "cell_47": [0.9961946980917455, 0.08715574274765817], "cell_111": [-0.9743700647852352, 0.22495105434386523]}