{"cell_36": [0.4383711467890774, 0.898794046299167], "cell_24": [-0.9335804264972017, -0.3583679495453005], "cell_40": [0.24192189559966742, -0.9702957262759966], "cell_50": [0.8191520442889919, 0.5735764363510462], "cell_52": [0.838670567945424, 0.5446390350150271], "cell_28": [-0.8660254037844386, -0.5000000000000001], "cell_53": [-0.6691306063588582, 0.7431448254773942], "cell_25": [-1.8369701987210297e-16, -1.0], "cell_34": [-0.6293203910498373, 0.7771459614569711], "cell_41": [-0.984807753012208, -0.17364817766693047], "cell_27": [0.29237170472273677, -0.9563047559630354], "cell_59": [0.17364817766693044, 0.9848077530122081], "cell_23": [-0.034899496702500754, -0.9993908270190958], "cell_22": [-0.5591929034707467, 0.8290375725550418], "cell_32": [-0.4848096202463369, -0.874619707139396], "cell_57": [0.24192189559966767, 0.9702957262759965], "cell_51": [0.30901699437494723, -0.9510565162951536], "cell_47": [-0.35836794954530027, 0.9335804264972017], "cell_56": [0.754709580222772, 0.6560590289905073], "cell_60": [-0.6819983600624984, 0.7313537016191707], "cell_39": [0.656059028990507, -0.7547095802227722], "cell_35": [0.42261826174069966, -0.9063077870366499], "cell_58": [-0.13917310096006583, -0.9902680687415703], "cell_45": [0.13917310096006544, -0.9902680687415704], "cell_26": [-0.22495105434386503, 0.9743700647852352], "cell_42": [0.9986295347545739, -0.052335956242944376], "cell_31": [-0.6018150231520484, 0.7986355100472928], "cell_54": [-0.9396926207859084, -0.34202014332566866]}