{"cell_151": [0.6691306063588579, -0.7431448254773947], "cell_105": [0.656059028990507, -0.7547095802227722], "cell_27": [0.6427876096865394, 0.766044443118978], "cell_114": [-0.484809620246337, 0.8746197071393959], "cell_48": [-0.40673664307580026, 0.9135454576426009], "cell_43": [0.9563047559630354, 0.29237170472273677], "cell_79": [0.19080899537654492, 0.981627183447664], "cell_70": [0.9510565162951536, 0.30901699437494745], "cell_102": [0.6156614753256585, -0.7880107536067218], "cell_142": [0.8290375725550418, -0.5591929034707466], "cell_97": [0.5446390350150271, 0.838670567945424], "cell_56": [-0.1908089953765446, -0.981627183447664], "cell_90": [-0.9702957262759966, -0.24192189559966754], "cell_68": [0.8660254037844384, -0.5000000000000004], "cell_50": [-0.8386705679454239, 0.5446390350150273], "cell_72": [-0.8386705679454239, 0.5446390350150273], "cell_63": [0.0174524064372836, 0.9998476951563913], "cell_71": [0.03489949670250128, -0.9993908270190958], "cell_112": [-0.05233595624294385, 0.9986295347545739], "cell_158": [-0.30901699437494756, -0.9510565162951535], "cell_111": [0.7193398003386512, 0.6946583704589973], "cell_120": [0.5591929034707468, 0.8290375725550417], "cell_62": [-0.2079116908177598, -0.9781476007338056], "cell_61": [0.25881904510252074, 0.9659258262890683], "cell_35": [-0.5735764363510463, 0.8191520442889918], "cell_44": [0.8480480961564261, 0.529919264233205], "cell_162": [0.9998476951563913, -0.01745240643728356], "cell_33": [0.9455185755993168, 0.3255681544571567], "cell_110": [0.9335804264972017, 0.35836794954530027], "cell_117": [-0.9961946980917455, 0.0871557427476582], "cell_93": [-0.9396926207859084, -0.34202014332566866], "cell_143": [0.15643446504023067, -0.9876883405951378], "cell_98": [-0.2756373558169989, -0.961261695938319], "cell_73": [0.3583679495453004, 0.9335804264972017], "cell_146": [-0.052335956242944306, -0.9986295347545738], "cell_156": [-0.6946583704589974, 0.7193398003386511], "cell_51": [0.9945218953682734, 0.10452846326765348], "cell_28": [-0.5877852522924732, -0.8090169943749473], "cell_107": [0.913545457642601, 0.40673664307580026], "cell_109": [0.5000000000000001, 0.8660254037844386], "cell_81": [-0.06975647374412534, 0.9975640502598243], "cell_104": [0.6560590289905073, 0.754709580222772], "cell_125": [0.9848077530122081, -0.17364817766693041]}