{"cell_96": [0.29237170472273677, -0.9563047559630355], "cell_115": [-0.34202014332566855, -0.9396926207859084], "cell_72": [-0.46947156278589075, -0.882947592858927], "cell_128": [-0.29237170472273666, 0.9563047559630355], "cell_61": [0.37460659341591196, -0.9271838545667874], "cell_113": [-0.052335956242944306, -0.9986295347545738], "cell_37": [0.9455185755993168, 0.3255681544571567], "cell_120": [-0.9702957262759966, -0.24192189559966754], "cell_36": [0.9902680687415703, -0.13917310096006588], "cell_91": [0.9975640502598242, -0.06975647374412564], "cell_153": [-0.7660444431189781, -0.6427876096865394], "cell_121": [-0.8090169943749473, 0.5877852522924732], "cell_146": [0.8910065241883678, -0.45399049973954697], "cell_85": [0.8191520442889916, -0.5735764363510465], "cell_145": [-0.5591929034707468, 0.8290375725550418], "cell_86": [0.6427876096865393, -0.7660444431189781], "cell_25": [-0.8090169943749473, 0.5877852522924732], "cell_58": [-1.8369701987210297e-16, -1.0], "cell_39": [0.19080899537654514, -0.981627183447664], "cell_53": [-0.6946583704589973, -0.7193398003386512], "cell_54": [0.9510565162951535, -0.3090169943749477], "cell_139": [0.8571673007021123, 0.5150380749100542], "cell_103": [-0.9563047559630355, 0.2923717047227366], "cell_59": [-0.9986295347545739, -0.05233595624294357], "cell_125": [-0.42261826174069933, 0.90630778703665], "cell_101": [-0.484809620246337, 0.8746197071393959], "cell_26": [-0.13917310096006583, -0.9902680687415703], "cell_163": [0.7431448254773942, 0.6691306063588582], "cell_98": [-0.27563735581699905, 0.9612616959383189], "cell_77": [0.9876883405951378, 0.15643446504023087], "cell_129": [-0.5877852522924732, -0.8090169943749473], "cell_142": [0.9510565162951536, 0.30901699437494745], "cell_135": [0.2756373558169994, -0.9612616959383188], "cell_40": [-0.5591929034707468, 0.8290375725550418], "cell_167": [-0.9993908270190958, 0.03489949670250114], "cell_138": [-0.882947592858927, 0.4694715627858907], "cell_35": [0.7431448254773942, 0.6691306063588582], "cell_82": [-0.20791169081775934, 0.9781476007338057], "cell_51": [-0.9063077870366499, 0.4226182617406995], "cell_88": [-0.9659258262890682, 0.258819045102521], "cell_57": [0.9975640502598242, -0.06975647374412564], "cell_107": [-0.9945218953682734, -0.10452846326765351], "cell_151": [0.3907311284892737, 0.9205048534524404], "cell_44": [0.08715574274765814, 0.9961946980917455], "cell_31": [-0.9945218953682734, -0.10452846326765351], "cell_84": [-0.22495105434386503, 0.9743700647852352], "cell_62": [-0.7431448254773942, -0.6691306063588582], "cell_108": [-0.6691306063588582, 0.7431448254773942], "cell_38": [-0.6946583704589974, 0.7193398003386511], "cell_56": [0.7771459614569706, -0.6293203910498378], "cell_79": [-0.7313537016191706, -0.6819983600624984], "cell_75": [0.4694715627858905, -0.8829475928589272], "cell_126": [0.03489949670250128, -0.9993908270190958], "cell_136": [-0.9335804264972017, 0.3583679495453002], "cell_34": [0.342020143325669, -0.9396926207859083], "cell_116": [-0.8829475928589269, -0.46947156278589086], "cell_102": [0.8090169943749475, 0.5877852522924731], "cell_60": [0.6427876096865393, -0.7660444431189781], "cell_109": [-0.8090169943749476, -0.5877852522924731], "cell_76": [0.9902680687415703, -0.13917310096006588], "cell_157": [0.08715574274765814, 0.9961946980917455], "cell_152": [-0.32556815445715664, 0.9455185755993168], "cell_164": [0.6946583704589973, -0.7193398003386512], "cell_119": [0.25881904510252074, 0.9659258262890683], "cell_74": [0.4848096202463373, -0.8746197071393956], "cell_127": [-0.06975647374412534, 0.9975640502598243], "cell_132": [-0.034899496702500955, 0.9993908270190958], "cell_117": [-0.8191520442889919, 0.5735764363510459], "cell_63": [-0.25881904510252085, 0.9659258262890683], "cell_47": [0.9961946980917455, 0.08715574274765817], "cell_156": [0.9659258262890683, 0.25881904510252074], "cell_81": [0.6018150231520479, -0.7986355100472932], "cell_104": [0.9848077530122081, -0.17364817766693041], "cell_68": [-0.35836794954530077, -0.9335804264972016], "cell_45": [0.01745240643728313, -0.9998476951563913], "cell_87": [0.19080899537654514, -0.981627183447664], "cell_130": [-0.3907311284892738, 0.9205048534524404], "cell_141": [-0.9271838545667874, -0.374606593415912], "cell_80": [0.2588190451025203, -0.9659258262890684], "cell_155": [-0.7313537016191705, 0.6819983600624986], "cell_64": [-1.0, 1.2246467991473532e-16], "cell_110": [0.961261695938319, -0.275637355816999], "cell_124": [-0.9743700647852352, 0.22495105434386523], "cell_148": [0.9455185755993168, -0.3255681544571567], "cell_66": [0.6427876096865393, -0.7660444431189781], "cell_100": [-0.9902680687415704, 0.13917310096006533], "cell_41": [-0.9659258262890682, 0.258819045102521], "cell_70": [-0.4067366430758001, -0.913545457642601], "cell_46": [-0.9902680687415704, -0.13917310096006555], "cell_112": [0.10452846326765299, -0.9945218953682734], "cell_149": [0.7431448254773944, -0.6691306063588581], "cell_33": [-0.017452406437283477, 0.9998476951563913], "cell_65": [0.9563047559630353, -0.29237170472273716], "cell_49": [0.9781476007338057, 0.20791169081775934], "cell_111": [0.7880107536067219, 0.6156614753256583], "cell_122": [-0.052335956242944306, -0.9986295347545738], "cell_78": [0.2923717047227368, 0.9563047559630355], "cell_150": [0.9961946980917455, 0.08715574274765817], "cell_143": [0.9335804264972017, 0.35836794954530027], "cell_159": [-0.9612616959383189, 0.2756373558169992], "cell_89": [0.7986355100472928, 0.6018150231520483]}