{"cell_140": [0.24192189559966745, -0.9702957262759966], "cell_45": [-0.9998476951563913, -0.017452406437283637], "cell_188": [0.1218693434051475, 0.9925461516413221], "cell_163": [0.9205048534524404, 0.39073112848927377], "cell_106": [0.9961946980917455, 0.08715574274765817], "cell_139": [-0.37460659341591207, 0.9271838545667874], "cell_167": [-0.838670567945424, -0.5446390350150271], "cell_50": [0.30901699437494723, -0.9510565162951536], "cell_87": [0.4694715627858905, -0.8829475928589272], "cell_54": [-0.10452846326765357, 0.9945218953682734], "cell_162": [0.9510565162951536, 0.30901699437494745], "cell_169": [-0.9876883405951378, 0.156434465040231], "cell_70": [-0.9945218953682733, 0.10452846326765373], "cell_128": [0.8290375725550417, 0.5591929034707469], "cell_199": [-0.9902680687415704, -0.13917310096006555], "cell_166": [-0.1564344650402308, 0.9876883405951378], "cell_104": [-0.6691306063588581, -0.7431448254773944], "cell_100": [0.7313537016191707, -0.6819983600624984], "cell_185": [0.3420201433256689, 0.9396926207859084], "cell_53": [0.05233595624294397, 0.9986295347545739], "cell_155": [-0.529919264233205, -0.848048096156426], "cell_124": [0.22495105434386492, -0.9743700647852352], "cell_71": [-0.9063077870366499, 0.4226182617406995], "cell_77": [-0.7071067811865477, -0.7071067811865475], "cell_127": [-0.9993908270190958, 0.03489949670250114], "cell_57": [-0.7193398003386513, 0.6946583704589971], "cell_125": [-0.7431448254773942, -0.6691306063588582], "cell_146": [0.5877852522924729, -0.8090169943749476], "cell_168": [-0.5591929034707466, -0.8290375725550418], "cell_172": [-0.08715574274765825, -0.9961946980917455], "cell_141": [0.7547095802227719, -0.6560590289905074], "cell_40": [-0.743144825477394, 0.6691306063588585], "cell_112": [-0.35836794954530027, 0.9335804264972017], "cell_191": [0.4539904997395467, -0.891006524188368], "cell_133": [-0.9659258262890683, -0.2588190451025208], "cell_116": [0.6819983600624987, -0.7313537016191703], "cell_179": [0.3255681544571568, 0.9455185755993168], "cell_61": [0.19080899537654514, -0.981627183447664], "cell_111": [0.7880107536067221, -0.6156614753256582], "cell_115": [0.17364817766692997, -0.9848077530122081], "cell_152": [-0.052335956242944306, -0.9986295347545738], "cell_177": [-0.32556815445715664, -0.9455185755993168], "cell_101": [0.6427876096865394, 0.766044443118978], "cell_122": [-0.1908089953765448, 0.981627183447664], "cell_159": [-0.838670567945424, -0.5446390350150271], "cell_182": [-0.48480962024633684, -0.874619707139396], "cell_173": [-0.034899496702500955, 0.9993908270190958], "cell_147": [0.9563047559630354, 0.29237170472273677], "cell_90": [0.9271838545667874, 0.374606593415912], "cell_123": [0.03489949670250108, 0.9993908270190958], "cell_192": [0.9335804264972017, 0.35836794954530027], "cell_126": [0.42261826174069966, -0.9063077870366499], "cell_75": [-0.9945218953682734, -0.10452846326765351], "cell_65": [0.7313537016191707, -0.6819983600624984], "cell_98": [0.27563735581699916, 0.9612616959383189], "cell_92": [0.6427876096865394, 0.766044443118978], "cell_44": [-0.29237170472273666, 0.9563047559630355], "cell_102": [0.9902680687415704, 0.13917310096006544], "cell_47": [-0.9993908270190958, 0.03489949670250114], "cell_58": [0.3255681544571568, 0.9455185755993168], "cell_117": [-0.9396926207859084, -0.34202014332566866], "cell_89": [-0.8090169943749473, 0.5877852522924732], "cell_150": [0.42261826174069944, 0.9063077870366499], "cell_114": [0.9659258262890683, 0.25881904510252074], "cell_78": [0.8571673007021123, 0.5150380749100542], "cell_135": [-0.5735764363510464, -0.8191520442889916], "cell_142": [-0.48480962024633684, -0.874619707139396], "cell_197": [-0.9986295347545739, 0.052335956242943814], "cell_80": [-0.9612616959383189, -0.275637355816999], "cell_55": [-0.22495105434386528, -0.9743700647852352], "cell_88": [-0.9063077870366499, 0.4226182617406995], "cell_120": [-0.45399049973954697, -0.8910065241883678], "cell_165": [0.838670567945424, -0.544639035015027], "cell_85": [-0.08715574274765824, 0.9961946980917455], "cell_105": [0.5735764363510462, -0.8191520442889919], "cell_59": [0.9335804264972017, 0.35836794954530027], "cell_157": [-0.754709580222772, 0.6560590289905073], "cell_196": [-0.32556815445715664, -0.9455185755993168], "cell_46": [-0.484809620246337, 0.8746197071393959], "cell_72": [0.8480480961564261, 0.529919264233205], "cell_66": [0.8571673007021122, -0.5150380749100546], "cell_158": [-0.9781476007338056, -0.2079116908177595], "cell_132": [-0.5150380749100543, 0.8571673007021123], "cell_161": [-0.34202014332566855, -0.9396926207859084], "cell_178": [0.7660444431189778, -0.6427876096865396], "cell_97": [0.6946583704589973, -0.7193398003386512], "cell_149": [0.5150380749100542, 0.8571673007021123], "cell_82": [-0.9455185755993168, 0.3255681544571566], "cell_154": [-0.034899496702500955, 0.9993908270190958], "cell_151": [-0.754709580222772, 0.6560590289905073], "cell_176": [0.08715574274765789, -0.9961946980917455], "cell_129": [0.5000000000000001, -0.8660254037844386], "cell_91": [-0.9961946980917455, -0.08715574274765794], "cell_41": [0.5150380749100542, -0.8571673007021123], "cell_156": [-0.7071067811865477, -0.7071067811865475], "cell_48": [-0.1908089953765448, 0.981627183447664], "cell_99": [0.19080899537654492, 0.981627183447664], "cell_67": [-0.22495105434386528, -0.9743700647852352], "cell_190": [0.5446390350150268, -0.8386705679454244], "cell_110": [-0.8910065241883679, -0.4539904997395467], "cell_164": [0.19080899537654514, -0.981627183447664], "cell_108": [0.8910065241883679, 0.4539904997395468], "cell_130": [0.15643446504023092, 0.9876883405951378], "cell_73": [0.961261695938319, -0.275637355816999], "cell_184": [-0.8660254037844387, 0.49999999999999994], "cell_62": [-0.838670567945424, -0.5446390350150271], "cell_186": [0.8660254037844384, -0.5000000000000004], "cell_119": [0.6018150231520479, -0.7986355100472932], "cell_49": [0.8480480961564261, 0.529919264233205], "cell_144": [-0.7660444431189781, -0.6427876096865394], "cell_60": [-0.9271838545667874, -0.374606593415912], "cell_103": [-0.9986295347545739, -0.05233595624294357], "cell_96": [0.9993908270190958, 0.03489949670250097], "cell_56": [-0.6946583704589974, 0.7193398003386511], "cell_138": [-0.5000000000000004, -0.8660254037844384], "cell_194": [0.5735764363510462, -0.8191520442889919], "cell_175": [0.27563735581699916, 0.9612616959383189], "cell_121": [0.6946583704589973, -0.7193398003386512], "cell_180": [0.5000000000000001, -0.8660254037844386], "cell_64": [0.06975647374412525, 0.9975640502598243], "cell_63": [-0.90630778703665, -0.4226182617406993], "cell_69": [-1.0, 1.2246467991473532e-16], "cell_174": [0.9205048534524403, -0.3907311284892739], "cell_43": [-0.7660444431189781, -0.6427876096865394], "cell_52": [0.3255681544571568, 0.9455185755993168], "cell_143": [-0.0697564737441256, -0.9975640502598243], "cell_109": [-0.35836794954530077, -0.9335804264972016], "cell_95": [0.40673664307579976, -0.9135454576426011], "cell_113": [0.37460659341591196, -0.9271838545667874], "cell_94": [0.9612616959383189, 0.27563735581699916], "cell_107": [0.5735764363510462, 0.8191520442889919], "cell_83": [0.981627183447664, -0.19080899537654467], "cell_181": [-0.052335956242944306, -0.9986295347545738], "cell_189": [0.06975647374412525, 0.9975640502598243], "cell_137": [0.9986295347545739, -0.052335956242944376], "cell_118": [-0.7986355100472929, 0.6018150231520482], "cell_42": [-0.9781476007338056, -0.2079116908177595], "cell_93": [-0.484809620246337, 0.8746197071393959], "cell_136": [0.5446390350150268, -0.8386705679454244], "cell_145": [-0.9876883405951378, -0.15643446504023073], "cell_74": [-0.7880107536067219, 0.6156614753256584], "cell_134": [-0.7986355100472929, 0.6018150231520482], "cell_153": [-0.9781476007338056, -0.2079116908177595], "cell_198": [-0.8386705679454239, 0.5446390350150273], "cell_183": [-0.13917310096006583, -0.9902680687415703],