{"cell_249": [0.7986355100472928, -0.6018150231520483], "cell_132": [0.3583679495453004, 0.9335804264972017], "cell_307": [-0.8910065241883678, 0.45399049973954686], "cell_104": [-0.45399049973954675, 0.8910065241883679], "cell_77": [0.2588190451025203, -0.9659258262890684], "cell_251": [-0.9510565162951535, 0.3090169943749475], "cell_258": [0.342020143325669, -0.9396926207859083], "cell_165": [-0.3746065934159123, -0.9271838545667873], "cell_136": [0.17364817766692997, -0.9848077530122081], "cell_35": [-0.7547095802227722, -0.6560590289905072], "cell_30": [0.6156614753256583, 0.788010753606722], "cell_50": [-0.7880107536067219, 0.6156614753256584], "cell_96": [0.9396926207859084, -0.3420201433256686], "cell_297": [0.5000000000000001, -0.8660254037844386], "cell_84": [-0.8571673007021122, 0.5150380749100544], "cell_285": [0.5000000000000001, -0.8660254037844386], "cell_189": [-0.8660254037844386, -0.5000000000000001], "cell_47": [-0.9993908270190958, 0.03489949670250114], "cell_127": [-0.9975640502598243, 0.06975647374412554], "cell_293": [0.17364817766692997, -0.9848077530122081], "cell_98": [0.0174524064372836, 0.9998476951563913], "cell_92": [0.7193398003386512, 0.6946583704589973], "cell_81": [0.9396926207859084, -0.3420201433256686], "cell_201": [-0.4067366430758001, -0.913545457642601], "cell_119": [-0.9975640502598243, 0.06975647374412554], "cell_183": [-0.30901699437494756, -0.9510565162951535], "cell_204": [0.3583679495453004, 0.9335804264972017], "cell_147": [-0.6293203910498378, -0.7771459614569706], "cell_74": [-0.3907311284892738, 0.9205048534524404], "cell_125": [0.6946583704589974, 0.7193398003386512], "cell_99": [-0.9876883405951378, -0.15643446504023073], "cell_82": [-0.8660254037844386, -0.5000000000000001], "cell_197": [-0.8910065241883679, -0.4539904997395467], "cell_284": [-0.8910065241883678, 0.45399049973954686], "cell_170": [0.5150380749100542, 0.8571673007021123], "cell_256": [0.9659258262890683, -0.2588190451025207], "cell_262": [0.10452846326765347, 0.9945218953682734], "cell_213": [-0.5877852522924731, 0.8090169943749476], "cell_71": [-0.6819983600624987, -0.7313537016191705], "cell_253": [-0.22495105434386528, -0.9743700647852352], "cell_171": [-0.6819983600624984, 0.7313537016191706], "cell_269": [0.7986355100472928, -0.6018150231520483], "cell_304": [0.29237170472273677, -0.9563047559630355], "cell_55": [-0.5299192642332048, 0.8480480961564261], "cell_172": [-0.9205048534524404, 0.39073112848927377], "cell_174": [-0.984807753012208, -0.17364817766693047], "cell_45": [-0.9659258262890682, 0.258819045102521], "cell_154": [-0.034899496702500955, 0.9993908270190958], "cell_277": [-0.743144825477394, 0.6691306063588585], "cell_272": [0.9612616959383189, 0.27563735581699916], "cell_302": [-0.30901699437494734, 0.9510565162951536], "cell_130": [0.29237170472273677, -0.9563047559630355], "cell_291": [0.9510565162951536, 0.30901699437494745], "cell_48": [-0.2756373558169989, -0.961261695938319], "cell_110": [-0.35836794954530027, 0.9335804264972017], "cell_289": [-0.9455185755993168, -0.3255681544571568], "cell_263": [0.9961946980917455, -0.08715574274765832], "cell_31": [-0.30901699437494756, -0.9510565162951535], "cell_221": [-0.529919264233205, -0.848048096156426], "cell_32": [0.7313537016191706, 0.6819983600624986], "cell_223": [-0.9702957262759965, 0.24192189559966773], "cell_294": [0.7880107536067219, 0.6156614753256583], "cell_273": [0.4383711467890775, 0.898794046299167], "cell_49": [0.961261695938319, -0.275637355816999], "cell_299": [-0.7986355100472929, 0.6018150231520482], "cell_76": [-0.08715574274765825, -0.9961946980917455], "cell_241": [0.4539904997395467, -0.891006524188368], "cell_192": [0.37460659341591196, 0.9271838545667874], "cell_70": [0.882947592858927, 0.4694715627858908], "cell_42": [0.9848077530122081, -0.17364817766693041], "cell_188": [0.9743700647852352, 0.224951054343865], "cell_220": [0.9975640502598242, -0.06975647374412564], "cell_33": [-0.7880107536067219, 0.6156614753256584], "cell_296": [0.4694715627858905, -0.8829475928589272], "cell_182": [-0.7986355100472929, 0.6018150231520482], "cell_259": [-0.9659258262890683, -0.2588190451025208], "cell_29": [-0.9993908270190958, 0.03489949670250114], "cell_112": [-0.8571673007021123, -0.5150380749100542], "cell_306": [-0.10452846326765357, 0.9945218953682734], "cell_254": [-0.9396926207859084, -0.34202014332566866], "cell_252": [0.2756373558169994, -0.9612616959383188], "cell_57": [0.6691306063588582, 0.7431448254773942], "cell_235": [0.9902680687415704, 0.13917310096006544], "cell_101": [-0.9781476007338057, 0.20791169081775931], "cell_63": [-0.24192189559966779, -0.9702957262759965], "cell_28": [-0.29237170472273716, -0.9563047559630354]}