{"cell_311": [-0.6018150231520485, 0.7986355100472928], "cell_92": [0.7986355100472928, 0.6018150231520483], "cell_133": [-0.32556815445715664, 0.9455185755993168], "cell_131": [-0.6560590289905072, 0.7547095802227721], "cell_147": [-0.7071067811865475, 0.7071067811865476], "cell_154": [0.4848096202463373, -0.8746197071393956], "cell_124": [0.37460659341591196, -0.9271838545667874], "cell_150": [0.6946583704589974, 0.7193398003386512], "cell_71": [-0.9271838545667873, 0.37460659341591224], "cell_305": [-0.7771459614569709, 0.6293203910498374], "cell_89": [-0.27563735581699905, 0.9612616959383189], "cell_269": [0.5299192642332047, -0.8480480961564262], "cell_199": [0.7880107536067219, 0.6156614753256583], "cell_244": [0.06975647374412525, 0.9975640502598243], "cell_117": [-0.6560590289905073, -0.754709580222772], "cell_259": [0.5446390350150268, -0.8386705679454244], "cell_249": [-0.7313537016191706, -0.6819983600624984], "cell_125": [-0.4694715627858909, 0.8829475928589269], "cell_204": [0.6819983600624986, 0.7313537016191706], "cell_59": [-0.6293203910498373, 0.777145961456971], "cell_236": [-0.30901699437494756, -0.9510565162951535], "cell_165": [-0.6691306063588581, -0.7431448254773944], "cell_178": [-0.8480480961564261, -0.5299192642332048], "cell_94": [0.9902680687415703, -0.13917310096006588], "cell_273": [0.8191520442889919, 0.5735764363510462], "cell_118": [0.90630778703665, -0.4226182617406992], "cell_258": [0.8910065241883678, -0.45399049973954697], "cell_206": [-0.37460659341591207, 0.9271838545667874], "cell_43": [-0.6293203910498378, -0.7771459614569706], "cell_179": [-0.9993908270190958, -0.0348994967025009], "cell_42": [0.5299192642332047, -0.8480480961564262], "cell_111": [0.9271838545667873, -0.37460659341591235], "cell_97": [0.9848077530122081, -0.17364817766693041], "cell_170": [0.961261695938319, -0.275637355816999], "cell_56": [0.8290375725550418, -0.5591929034707466], "cell_301": [-0.7880107536067221, -0.6156614753256583], "cell_50": [0.5877852522924731, 0.8090169943749475], "cell_123": [0.9510565162951535, -0.3090169943749477], "cell_271": [-0.9876883405951378, 0.156434465040231], "cell_217": [0.2588190451025203, -0.9659258262890684], "cell_243": [-0.7193398003386511, -0.6946583704589974], "cell_152": [0.5150380749100542, 0.8571673007021123], "cell_294": [-0.6018150231520483, -0.7986355100472928], "cell_66": [0.08715574274765789, -0.9961946980917455], "cell_63": [-0.20791169081775934, 0.9781476007338057], "cell_53": [-0.6427876096865395, -0.7660444431189779], "cell_272": [-0.22495105434386528, -0.9743700647852352], "cell_156": [-0.9563047559630355, 0.2923717047227366], "cell_240": [-0.6691306063588582, 0.7431448254773942], "cell_260": [-0.29237170472273666, 0.9563047559630355], "cell_32": [-0.7193398003386513, 0.6946583704589971], "cell_276": [-0.8090169943749473, 0.5877852522924732], "cell_75": [-0.42261826174069933, 0.90630778703665], "cell_295": [-0.6946583704589973, -0.7193398003386512], "cell_241": [-0.7880107536067219, 0.6156614753256584], "cell_266": [-0.9335804264972017, -0.3583679495453005], "cell_210": [0.4848096202463371, 0.8746197071393957], "cell_186": [-0.32556815445715664, -0.9455185755993168], "cell_138": [0.10452846326765347, 0.9945218953682734], "cell_275": [-0.9781476007338057, 0.20791169081775931], "cell_77": [0.30901699437494723, -0.9510565162951536], "cell_235": [0.9335804264972016, -0.3583679495453008], "cell_187": [0.19080899537654514, -0.981627183447664], "cell_83": [-0.90630778703665, -0.4226182617406993], "cell_93": [-0.9659258262890683, -0.2588190451025208], "cell_183": [0.8987940462991668, -0.4383711467890778], "cell_203": [-0.35836794954530077, -0.9335804264972016], "cell_182": [0.9743700647852351, -0.22495105434386534], "cell_201": [0.9335804264972016, -0.3583679495453008], "cell_280": [-0.7880107536067221, -0.6156614753256583], "cell_67": [0.29237170472273677, -0.9563047559630355], "cell_62": [-0.7547095802227722, -0.6560590289905072], "cell_73": [0.03489949670250128, -0.9993908270190958], "cell_194": [-0.7071067811865475, 0.7071067811865476], "cell_31": [0.9993908270190958, 0.03489949670250097], "cell_52": [-0.7071067811865477, -0.7071067811865475], "cell_270": [0.9925461516413221, 0.12186934340514749], "cell_252": [-0.8660254037844387, 0.49999999999999994], "cell_184": [-0.3746065934159123, -0.9271838545667873], "cell_102": [0.8290375725550417, 0.5591929034707469], "cell_304": [0.3090169943749475, 0.9510565162951536], "cell_45": [0.5000000000000001, -0.8660254037844386], "cell_148": [-0.9659258262890683, -0.2588190451025208], "cell_279": [0.9205048534524404, 0.39073112848927377], "cell_90": [0.06975647374412522, -0.9975640502598243], "cell_254": [0.5735764363510462, 0.8191520442889919], "cell_164": [0.6946583704589974, 0.7193398003386512], "cell_172": [0.7880107536067221, -0.6156614753256582], "cell_151": [-0.9135454576426008, 0.40673664307580043], "cell_68": [0.30901699437494723, -0.9510565162951536], "cell_262": [0.6819983600624986, 0.7313537016191706], "cell_219": [0.8910065241883679, 0.4539904997395468], "cell_247": [0.5299192642332047, -0.8480480961564262], "cell_161": [0.6018150231520479, -0.7986355100472932], "cell_181": [0.6427876096865394, 0.766044443118978], "cell_256": [-0.8746197071393957, 0.48480962024633717], "cell_212": [-0.22495105434386528, -0.9743700647852352], "cell_85": [-0.1908089953765446, -0.981627183447664], "cell_175": [-0.27563735581699905, 0.9612616959383189], "cell_107": [-0.6691306063588581, -0.7431448254773944], "cell_28": [-0.9945218953682733, 0.10452846326765373], "cell_103": [-0.08715574274765825, -0.9961946980917455], "cell_303": [-0.6560590289905073, -0.754709580222772], "cell_292": [-0.5150380749100543, 0.8571673007021123], "cell_24": [0.9743700647852351, -0.22495105434386534], "cell_110": [-0.034899496702500955, 0.9993908270190958], "cell_208": [0.6156614753256585, -0.7880107536067218], "cell_88": [0.9335804264972016, -0.3583679495453008], "cell_140": [0.7880107536067219, 0.6156614753256583], "cell_105": [-0.5877852522924732, -0.8090169943749473], "cell_286": [-0.10452846326765357, 0.9945218953682734], "cell_87": [-0.6018150231520485, 0.7986355100472928], "cell_296": [0.5446390350150268, -0.8386705679454244], "cell_58": [-0.30901699437494756, -0.9510565162951535], "cell_101": [-0.9998476951563913, -0.017452406437283637], "cell_197": [0.5000000000000001, -0.8660254037844386], "cell_307": [-0.9993908270190958, -0.0348994967025009], "cell_55": [-0.45399049973954675, 0.8910065241883679], "cell_232": [0.5446390350150268, -0.8386705679454244], "cell_293": [-0.03489949670250076, -0.9993908270190958], "cell_70": [0.9702957262759965, 0.24192189559966773], "cell_72": [-0.43837114678907774, -0.8987940462991668], "cell_196": [0.9702957262759965, 0.24192189559966773], "cell_139": [0.29237170472273677, -0.9563047559630355], "cell_162": [0.8090169943749473, -0.5877852522924734], "cell_41": [0.8290375725550417, 0.5591929034707469], "cell_166": [0.9659258262890683, -0.2588190451025207], "cell_231": [-0.8090169943749473, 0.5877852522924732], "cell_61": [-0.8191520442889918, -0.5735764363510462], "cell_310": [0.9510565162951536, 0.30901699437494745], "cell_171": [-0.9876883405951378, 0.156434465040231], "cell_51": [-0.7771459614569708, -0.6293203910498376], "cell_129": [0.8910065241883679, 0.4539904997395468], "cell_115": [0.8660254037844387, 0.49999999999999994], "cell_211": [0.90630778703665, -0.4226182617406992], "cell_142": [-0.9612616959383189, 0.2756373558169992], "cell_46": [0.913545457642601, -0.4067366430758002], "cell_214": [-0.6946583704589974, 0.7193398003386511], "cell_226": [-0.32556815445715664, -0.9455185755993168], "cell_248": [0.9743700647852352, 0.224951054343865], "cell_192": [0.7771459614569709, 0.6293203910498374], "cell_274": [-0.8191520442889918, -0.5735764363510462], "cell_207": [0.4539904997395467, -0.891006524188368], "cell_144": [-0.9612616959383189, 0.2756373558169992], "cell_26": [-0.981627183447664, 0.190808995376545],