{"cell_88": [0.4383711467890774, -0.898794046299167], "cell_82": [0.40673664307580026, 0.913545457642601], "cell_50": [0.9925461516413221, -0.12186934340514723], "cell_25": [0.9925461516413221, -0.12186934340514723], "cell_76": [0.9205048534524404, 0.39073112848927377], "cell_28": [-0.6691306063588581, -0.7431448254773944], "cell_55": [-0.7660444431189781, -0.6427876096865394], "cell_59": [0.20791169081775948, 0.9781476007338057], "cell_69": [-0.6427876096865394, 0.766044443118978], "cell_32": [-0.052335956242944306, -0.9986295347545738], "cell_74": [0.13917310096006547, 0.9902680687415704], "cell_72": [0.9510565162951535, -0.3090169943749477], "cell_66": [0.13917310096006547, -0.9902680687415704], "cell_79": [-0.22495105434386503, 0.9743700647852352], "cell_91": [0.17364817766693041, 0.984807753012208], "cell_70": [0.9335804264972016, -0.3583679495453008], "cell_26": [0.7771459614569709, 0.6293203910498374], "cell_37": [-0.017452406437283498, -0.9998476951563913], "cell_78": [-0.754709580222772, 0.6560590289905073], "cell_90": [-0.45399049973954697, -0.8910065241883678], "cell_64": [0.7660444431189778, -0.6427876096865396], "cell_89": [-0.7660444431189779, 0.6427876096865395]}