{"cell_41": [0.08715574274765814, 0.9961946980917455], "cell_87": [0.24192189559966767, 0.9702957262759965], "cell_31": [-0.6018150231520485, 0.7986355100472928], "cell_95": [-0.17364817766693033, 0.9848077530122081], "cell_32": [-0.7431448254773942, -0.6691306063588582], "cell_54": [-0.9961946980917455, -0.08715574274765794], "cell_46": [-0.29237170472273666, 0.9563047559630355], "cell_86": [0.3255681544571568, 0.9455185755993168], "cell_50": [0.9205048534524404, 0.39073112848927377], "cell_72": [0.9612616959383189, 0.27563735581699916], "cell_53": [-0.7986355100472929, 0.6018150231520482], "cell_51": [-0.7313537016191706, -0.6819983600624984], "cell_35": [-0.37460659341591207, 0.9271838545667874], "cell_69": [-0.052335956242944306, -0.9986295347545738], "cell_78": [-0.6018150231520485, 0.7986355100472928], "cell_48": [-0.8571673007021122, 0.5150380749100544], "cell_74": [-0.17364817766693036, -0.9848077530122081], "cell_83": [0.8987940462991668, -0.4383711467890778], "cell_73": [-0.32556815445715664, 0.9455185755993168], "cell_44": [0.24192189559966767, 0.9702957262759965], "cell_93": [-0.17364817766693033, 0.9848077530122081], "cell_62": [0.20791169081775948, 0.9781476007338057], "cell_94": [0.8191520442889916, -0.5735764363510465], "cell_33": [-0.6560590289905072, 0.7547095802227721], "cell_71": [0.15643446504023092, 0.9876883405951378], "cell_40": [0.9063077870366499, 0.42261826174069944], "cell_34": [0.898794046299167, 0.43837114678907746], "cell_37": [-0.7313537016191706, -0.6819983600624984], "cell_25": [-0.9993908270190958, 0.03489949670250114], "cell_75": [0.05233595624294395, -0.9986295347545739], "cell_76": [0.37460659341591196, -0.9271838545667874], "cell_29": [-0.017452406437283477, 0.9998476951563913], "cell_66": [0.9993908270190958, -0.034899496702500823], "cell_88": [-0.08715574274765824, 0.9961946980917455], "cell_49": [0.22495105434386492, -0.9743700647852352], "cell_84": [0.19080899537654514, -0.981627183447664], "cell_45": [-0.8571673007021122, 0.5150380749100544], "cell_67": [0.7880107536067219, 0.6156614753256583], "cell_60": [-0.8290375725550417, 0.559192903470747], "cell_43": [0.9205048534524404, 0.39073112848927377], "cell_36": [-0.9743700647852352, 0.22495105434386523], "cell_80": [0.882947592858927, 0.4694715627858908], "cell_30": [-1.0, 1.2246467991473532e-16], "cell_57": [0.9455185755993168, 0.3255681544571567], "cell_42": [0.9455185755993168, 0.3255681544571567], "cell_61": [-0.6427876096865395, -0.7660444431189779], "cell_68": [0.5446390350150268, -0.8386705679454244], "cell_81": [0.838670567945424, 0.5446390350150271], "cell_59": [-0.0697564737441256, -0.9975640502598243], "cell_77": [-0.6946583704589974, 0.7193398003386511]}