{"cell_92": [0.981627183447664, -0.19080899537654467], "cell_115": [0.4383711467890774, -0.898794046299167], "cell_83": [-0.9986295347545739, -0.05233595624294357], "cell_254": [-0.7193398003386511, -0.6946583704589974], "cell_147": [0.05233595624294395, -0.9986295347545739], "cell_200": [-0.5877852522924731, 0.8090169943749476], "cell_267": [0.8910065241883679, 0.4539904997395468], "cell_155": [0.20791169081775948, 0.9781476007338057], "cell_219": [0.882947592858927, 0.4694715627858908], "cell_66": [0.6156614753256585, -0.7880107536067218], "cell_63": [0.6560590289905073, 0.754709580222772], "cell_318": [0.6946583704589973, -0.7193398003386512], "cell_252": [0.9998476951563913, -0.01745240643728356], "cell_106": [0.3583679495453004, -0.9335804264972017], "cell_220": [0.10452846326765299, -0.9945218953682734], "cell_39": [-0.8480480961564261, -0.5299192642332048], "cell_307": [0.9455185755993168, 0.3255681544571567], "cell_260": [-0.529919264233205, -0.848048096156426], "cell_244": [-0.4999999999999999, 0.8660254037844388], "cell_243": [0.7547095802227719, -0.6560590289905074], "cell_170": [0.8090169943749473, -0.5877852522924734], "cell_166": [0.7193398003386509, -0.6946583704589976], "cell_275": [0.7880107536067219, 0.6156614753256583], "cell_171": [0.8480480961564261, 0.529919264233205], "cell_276": [0.9612616959383189, 0.27563735581699916], "cell_262": [0.30901699437494723, -0.9510565162951536], "cell_300": [-0.13917310096006535, 0.9902680687415704], "cell_103": [0.9659258262890683, 0.25881904510252074], "cell_134": [-0.5591929034707466, -0.8290375725550418], "cell_315": [0.7547095802227719, -0.6560590289905074], "cell_154": [-0.9702957262759966, -0.24192189559966754], "cell_85": [-0.6427876096865395, -0.7660444431189779], "cell_188": [-0.9902680687415704, 0.13917310096006533], "cell_69": [0.3907311284892735, -0.9205048534524405], "cell_287": [-0.1908089953765448, 0.981627183447664], "cell_193": [1.0, 0.0], "cell_241": [0.7880107536067219, 0.6156614753256583], "cell_87": [-0.8090169943749473, 0.5877852522924732], "cell_135": [0.22495105434386492, 0.9743700647852352], "cell_216": [-0.984807753012208, -0.17364817766693047], "cell_185": [0.37460659341591196, 0.9271838545667874], "cell_88": [-0.9455185755993168, -0.3255681544571568], "cell_130": [-0.5446390350150272, 0.838670567945424], "cell_293": [0.7431448254773942, 0.6691306063588582], "cell_81": [-0.1564344650402308, 0.9876883405951378], "cell_226": [0.9961946980917455, 0.08715574274765817], "cell_131": [-0.8386705679454239, 0.5446390350150273], "cell_150": [0.03489949670250128, -0.9993908270190958], "cell_172": [0.12186934340514768, -0.992546151641322], "cell_205": [0.9510565162951535, -0.3090169943749477], "cell_268": [0.6691306063588579, -0.7431448254773947], "cell_177": [-0.13917310096006583, -0.9902680687415703], "cell_100": [-0.4383711467890775, 0.8987940462991669], "cell_312": [-0.6156614753256583, 0.788010753606722], "cell_84": [-0.24192189559966779, 0.9702957262759965], "cell_294": [-0.754709580222772, 0.6560590289905073], "cell_173": [0.40673664307579976, -0.9135454576426011], "cell_217": [0.20791169081775948, 0.9781476007338057], "cell_270": [-0.8660254037844387, 0.49999999999999994], "cell_120": [-0.6293203910498373, 0.777145961456971], "cell_256": [0.17364817766692997, -0.9848077530122081], "cell_95": [0.19080899537654514, -0.981627183447664], "cell_242": [-0.06975647374412534, 0.9975640502598243], "cell_246": [6.123233995736766e-17, 1.0], "cell_53": [0.13917310096006547, 0.9902680687415704], "cell_158": [0.838670567945424, 0.5446390350150271], "cell_277": [-0.6560590289905073, -0.754709580222772], "cell_265": [0.6018150231520479, -0.7986355100472932], "cell_322": [-0.6946583704589974, 0.7193398003386511], "cell_74": [0.06975647374412525, 0.9975640502598243], "cell_326": [0.9510565162951535, -0.3090169943749477], "cell_301": [0.4383711467890774, -0.898794046299167], "cell_269": [-0.9993908270190958, 0.03489949670250114], "cell_297": [-0.6156614753256583, 0.788010753606722], "cell_86": [-0.034899496702500955, 0.9993908270190958], "cell_333": [-0.8746197071393959, -0.48480962024633695], "cell_271": [0.20791169081775948, -0.9781476007338057], "cell_132": [-0.6946583704589973, -0.7193398003386512], "cell_261": [0.981627183447664, -0.19080899537654467], "cell_189": [0.1218693434051475, 0.9925461516413221], "cell_138": [-0.45399049973954675, 0.8910065241883679], "cell_179": [0.8987940462991668, -0.4383711467890778], "cell_264": [0.9986295347545739, 0.05233595624294384], "cell_328": [-0.017452406437283498, -0.9998476951563913], "cell_280": [0.882947592858927, 0.4694715627858908], "cell_311": [-0.2756373558169989, -0.961261695938319], "cell_51": [0.4848096202463373, -0.8746197071393956], "cell_94": [0.981627183447664, 0.1908089953765448], "cell_196": [-0.8480480961564261, -0.5299192642332048], "cell_77": [0.913545457642601, -0.4067366430758002], "cell_108": [0.7880107536067219, 0.6156614753256583], "cell_114": [0.8480480961564261, 0.529919264233205], "cell_112": [-0.6156614753256581, -0.7880107536067221], "cell_137": [0.4848096202463373, -0.8746197071393956], "cell_327": [0.01745240643728313, -0.9998476951563913], "cell_289": [0.9396926207859084, -0.3420201433256686], "cell_169": [-0.5591929034707468, 0.8290375725550418], "cell_253": [0.05233595624294395, -0.9986295347545739], "cell_230": [-0.30901699437494756, -0.9510565162951535], "cell_161": [-0.6946583704589973, -0.7193398003386512], "cell_54": [-0.7193398003386513, 0.6946583704589971], "cell_182": [0.342020143325669, -0.9396926207859083], "cell_167": [0.9986295347545739, 0.05233595624294384], "cell_98": [-0.8090169943749476, -0.5877852522924731], "cell_116": [-0.5591929034707466, -0.8290375725550418], "cell_143": [-0.34202014332566855, -0.9396926207859084], "cell_111": [-0.6691306063588582, 0.7431448254773942], "cell_278": [0.20791169081775948, 0.9781476007338057], "cell_304": [0.3907311284892737, 0.9205048534524404], "cell_119": [0.90630778703665, -0.4226182617406992], "cell_212": [0.15643446504023067, -0.9876883405951378], "cell_102": [0.9702957262759965, -0.24192189559966787], "cell_136": [-0.08715574274765825, -0.9961946980917455], "cell_288": [-0.4694715627858909, 0.8829475928589269], "cell_76": [-0.30901699437494756, -0.9510565162951535], "cell_228": [-0.24192189559966779, -0.9702957262759965], "cell_285": [0.9612616959383189, 0.27563735581699916], "cell_96": [-0.9659258262890683, -0.2588190451025208], "cell_218": [-0.5877852522924731, 0.8090169943749476], "cell_110": [-0.5150380749100545, -0.8571673007021122], "cell_325": [-0.7771459614569708, -0.6293203910498376], "cell_305": [0.9961946980917455, 0.08715574274765817], "cell_198": [-0.10452846326765357, 0.9945218953682734], "cell_238": [0.8090169943749473, -0.5877852522924734], "cell_210": [-0.13917310096006535, 0.9902680687415704], "cell_128": [-0.9063077870366499, 0.4226182617406995], "cell_240": [-0.9961946980917455, 0.0871557427476582], "cell_101": [-0.8829475928589269, -0.46947156278589086], "cell_324": [0.6018150231520479, -0.7986355100472932], "cell_186": [0.9848077530122081, -0.17364817766693041], "cell_97": [0.05233595624294395, -0.9986295347545739], "cell_291": [-0.9396926207859084, 0.34202014332566893], "cell_251": [-0.9876883405951378, -0.15643446504023073], "cell_174": [-0.35836794954530027, 0.9335804264972017], "cell_204": [0.3907311284892737, 0.9205048534524404], "cell_258": [-0.8571673007021123, -0.5150380749100542], "cell_191": [0.961261695938319, -0.275637355816999], "cell_331": [-0.6427876096865395, -0.7660444431189779], "cell_257": [-0.5591929034707468, 0.8290375725550418], "cell_208": [-0.5150380749100545, -0.8571673007021122], "cell_314": [-0.8910065241883678, 0.45399049973954686], "cell_68": [0.9925461516413221, 0.12186934340514749], "cell_201": [0.9612616959383189, 0.27563735581699916], "cell_229": [0.9612616959383189, 0.27563735581699916], "cell_222": [0.13917310096006547, -0.9902680687415704], "cell_124": [-0.5150380749100545, -0.8571673007021122],