{"cell_83": [0.9659258262890683, -0.2588190451025207], "cell_55": [0.7660444431189781, 0.6427876096865393], "cell_96": [0.9396926207859085, -0.3420201433256686], "cell_28": [0.7660444431189781, 0.6427876096865393], "cell_61": [0.4694715627858904, -0.8829475928589271], "cell_27": [-0.9848077530122081, 0.17364817766693025], "cell_84": [0.9396926207859084, 0.3420201433256687], "cell_48": [-0.5877852522924732, -0.8090169943749473], "cell_25": [-0.838670567945424, -0.5446390350150271], "cell_88": [-0.9986295347545739, 0.052335956242943814], "cell_31": [-0.5877852522924732, -0.8090169943749473], "cell_44": [-0.3746065934159123, -0.9271838545667873], "cell_64": [0.5591929034707469, 0.8290375725550416], "cell_65": [-0.7071067811865477, -0.7071067811865475], "cell_30": [-0.19080899537654464, -0.9816271834476641], "cell_54": [0.5735764363510462, -0.8191520442889919], "cell_85": [-0.788010753606722, -0.6156614753256582], "cell_72": [0.5446390350150266, -0.8386705679454243], "cell_56": [-0.6018150231520483, -0.7986355100472928], "cell_63": [-0.984807753012208, -0.17364817766693047], "cell_45": [0.6018150231520479, -0.7986355100472932], "cell_60": [0.9848077530122081, -0.17364817766693041], "cell_39": [0.30901699437494723, -0.9510565162951536], "cell_78": [0.9455185755993168, 0.3255681544571567], "cell_86": [-0.48480962024633695, 0.8746197071393959], "cell_2": [0.788010753606722, -0.6156614753256582], "cell_87": [-0.22495105434386503, 0.9743700647852352], "cell_80": [-0.7771459614569709, 0.6293203910498374], "cell_89": [0.913545457642601, -0.40673664307580015], "cell_24": [0.9702957262759965, 0.24192189559966773]}