{"cell_30": [-0.6819983600624984, 0.7313537016191707], "cell_81": [-0.9945218953682734, -0.1045284632676535], "cell_59": [-0.6560590289905074, -0.7547095802227719], "cell_75": [-0.05233595624294385, 0.9986295347545739], "cell_71": [0.8191520442889919, 0.5735764363510462], "cell_62": [0.5150380749100542, 0.8571673007021123], "cell_48": [-0.08715574274765824, 0.9961946980917455], "cell_95": [-0.9925461516413221, -0.12186934340514731], "cell_29": [0.13917310096006544, -0.9902680687415704], "cell_91": [0.754709580222772, 0.6560590289905073], "cell_24": [-0.5000000000000004, -0.8660254037844384], "cell_40": [-0.42261826174069933, 0.90630778703665], "cell_74": [-0.9998476951563913, 0.017452406437283435], "cell_33": [0.8910065241883679, 0.45399049973954675], "cell_32": [0.5735764363510462, -0.8191520442889919], "cell_50": [0.90630778703665, -0.42261826174069916], "cell_49": [0.9396926207859084, 0.3420201433256687], "cell_67": [0.34202014332566905, -0.9396926207859083], "cell_57": [0.8910065241883679, 0.45399049973954675], "cell_26": [-0.754709580222772, 0.6560590289905073], "cell_28": [0.9335804264972017, 0.35836794954530027], "cell_90": [0.9902680687415704, 0.13917310096006544], "cell_72": [-0.7193398003386513, 0.6946583704589971], "cell_89": [0.6293203910498376, -0.7771459614569709], "cell_82": [-0.1908089953765448, 0.981627183447664], "cell_42": [0.7431448254773944, -0.6691306063588582], "cell_46": [-0.13917310096006535, 0.9902680687415704], "cell_73": [-0.9510565162951536, -0.3090169943749473], "cell_77": [-0.48480962024633695, 0.8746197071393959], "cell_51": [-0.10452846326765335, -0.9945218953682734], "cell_45": [-0.90630778703665, -0.4226182617406993], "cell_43": [0.5299192642332047, -0.8480480961564262], "cell_78": [0.6018150231520479, -0.7986355100472932], "cell_44": [-0.6427876096865396, -0.7660444431189779], "cell_25": [0.656059028990507, -0.7547095802227722], "cell_63": [-0.12186934340514717, -0.9925461516413221], "cell_92": [0.3090169943749475, 0.9510565162951536], "cell_37": [-0.9612616959383189, -0.275637355816999], "cell_34": [0.9961946980917455, 0.08715574274765817], "cell_94": [-0.4539904997395469, -0.8910065241883678], "cell_80": [-0.5877852522924732, -0.8090169943749473], "cell_64": [-0.544639035015027, -0.838670567945424], "cell_47": [0.25881904510252074, 0.9659258262890683], "cell_87": [0.981627183447664, 0.1908089953765448], "cell_96": [-0.9205048534524404, -0.39073112848927355], "cell_55": [0.08715574274765812, 0.9961946980917455], "cell_70": [-0.2756373558169989, -0.961261695938319], "cell_84": [0.05233595624294397, 0.9986295347545739], "cell_2": [0.10452846326765346, 0.9945218953682734], "cell_56": [0.3090169943749475, 0.9510565162951536], "cell_65": [-0.17364817766693036, -0.9848077530122081], "cell_69": [0.7986355100472928, -0.6018150231520483], "cell_79": [0.4848096202463372, -0.8746197071393956], "cell_53": [-0.8191520442889919, 0.5735764363510459], "cell_76": [-0.9455185755993168, -0.32556815445715687], "cell_31": [0.6293203910498376, -0.7771459614569709], "cell_54": [-0.6156614753256582, 0.788010753606722], "cell_39": [-0.8480480961564261, -0.5299192642332048], "cell_52": [-0.4848096202463369, -0.874619707139396]}