{"cell_93": [-0.13917310096006583, -0.9902680687415703], "cell_32": [0.9563047559630354, 0.29237170472273677], "cell_64": [0.5877852522924729, -0.8090169943749476], "cell_65": [-0.7071067811865477, -0.7071067811865475], "cell_84": [-0.8660254037844387, 0.49999999999999994], "cell_73": [-0.9271838545667873, 0.37460659341591224], "cell_46": [0.6293203910498374, 0.7771459614569709], "cell_24": [0.6156614753256583, 0.788010753606722], "cell_81": [0.20791169081775948, 0.9781476007338057], "cell_52": [-0.6293203910498378, -0.7771459614569706], "cell_34": [0.754709580222772, 0.6560590289905073], "cell_41": [0.6156614753256585, -0.7880107536067218], "cell_94": [0.4848096202463371, 0.8746197071393957], "cell_39": [-1.0, 1.2246467991473532e-16], "cell_38": [-0.5446390350150272, 0.838670567945424], "cell_91": [0.7313537016191707, -0.6819983600624984], "cell_47": [0.8746197071393959, -0.4848096202463369], "cell_59": [-0.9659258262890682, 0.258819045102521], "cell_83": [-0.9781476007338057, 0.20791169081775931], "cell_26": [0.15643446504023092, 0.9876883405951378], "cell_60": [0.8480480961564261, 0.529919264233205], "cell_27": [-0.9945218953682734, -0.10452846326765351]}