{"cell_93": [-0.9993908270190958, 0.03489949670250114], "cell_75": [-0.5150380749100543, 0.8571673007021123], "cell_49": [-0.8090169943749473, 0.5877852522924732], "cell_95": [0.37460659341591196, -0.9271838545667874], "cell_78": [-0.37460659341591207, 0.9271838545667874], "cell_48": [0.9335804264972017, 0.35836794954530027], "cell_62": [0.5000000000000001, -0.8660254037844386], "cell_38": [-0.08715574274765825, -0.9961946980917455], "cell_58": [0.7193398003386509, -0.6946583704589976], "cell_71": [0.9743700647852352, 0.224951054343865], "cell_91": [0.25881904510252074, 0.9659258262890683], "cell_80": [0.17364817766693041, 0.984807753012208], "cell_79": [-0.42261826174069933, 0.90630778703665], "cell_47": [-0.9781476007338056, -0.2079116908177595], "cell_61": [-0.25881904510252085, 0.9659258262890683], "cell_33": [0.5299192642332047, -0.8480480961564262], "cell_60": [0.7313537016191707, -0.6819983600624984], "cell_54": [-0.17364817766693033, 0.9848077530122081], "cell_55": [-0.25881904510252063, -0.9659258262890683], "cell_69": [-0.9925461516413221, -0.12186934340514731], "cell_42": [-0.48480962024633684, -0.874619707139396], "cell_41": [-0.4694715627858909, 0.8829475928589269], "cell_25": [0.961261695938319, -0.275637355816999], "cell_85": [0.7313537016191707, -0.6819983600624984], "cell_83": [0.05233595624294397, 0.9986295347545739], "cell_24": [-0.484809620246337, 0.8746197071393959], "cell_29": [-0.10452846326765357, 0.9945218953682734], "cell_36": [0.9945218953682734, 0.10452846326765348], "cell_35": [-0.8660254037844387, 0.49999999999999994], "cell_64": [-0.9510565162951535, 0.3090169943749475], "cell_94": [-0.8660254037844386, -0.5000000000000001], "cell_28": [-0.30901699437494734, 0.9510565162951536], "cell_26": [-0.7193398003386511, -0.6946583704589974], "cell_32": [-0.9902680687415704, -0.13917310096006555], "cell_56": [0.2756373558169994, -0.9612616959383188], "cell_86": [-0.4226182617406992, -0.9063077870366502], "cell_37": [0.7880107536067219, 0.6156614753256583], "cell_51": [-0.9205048534524404, 0.39073112848927377], "cell_65": [-0.0697564737441256, -0.9975640502598243], "cell_90": [-0.2079116908177598, -0.9781476007338056], "cell_53": [0.9925461516413221, -0.12186934340514723], "cell_59": [0.20791169081775948, -0.9781476007338057], "cell_31": [0.5000000000000001, 0.8660254037844386], "cell_89": [0.9993908270190958, 0.03489949670250097], "cell_66": [0.4694715627858905, -0.8829475928589272], "cell_63": [0.8090169943749475, 0.5877852522924731], "cell_84": [0.08715574274765789, -0.9961946980917455], "cell_50": [0.13917310096006547, 0.9902680687415704], "cell_46": [0.9510565162951536, 0.30901699437494745], "cell_57": [1.0, 0.0]}