{"cell_70": [-0.9998476951563913, 0.01745240643728344], "cell_78": [0.06975647374412525, 0.9975640502598243], "cell_233": [0.6691306063588582, 0.7431448254773942], "cell_151": [-0.9563047559630355, 0.2923717047227366], "cell_104": [0.6946583704589973, -0.7193398003386512], "cell_271": [0.6156614753256583, 0.788010753606722], "cell_139": [0.9986295347545739, 0.05233595624294384], "cell_136": [-0.5735764363510463, 0.8191520442889918], "cell_117": [0.9510565162951536, 0.30901699437494745], "cell_82": [0.27563735581699916, 0.9612616959383189], "cell_46": [-0.25881904510252085, 0.9659258262890683], "cell_209": [-0.848048096156426, 0.529919264233205], "cell_123": [0.6946583704589973, -0.7193398003386512], "cell_232": [-0.7986355100472929, 0.6018150231520482], "cell_62": [0.9781476007338056, -0.20791169081775987], "cell_109": [0.7986355100472928, 0.6018150231520483], "cell_141": [0.19080899537654514, -0.981627183447664], "cell_142": [-0.8571673007021122, 0.5150380749100544], "cell_174": [0.913545457642601, -0.4067366430758002], "cell_77": [-0.2079116908177598, -0.9781476007338056], "cell_180": [0.7986355100472928, -0.6018150231520483], "cell_187": [0.9902680687415703, -0.13917310096006588], "cell_276": [-0.6018150231520483, -0.7986355100472928], "cell_228": [0.15643446504023067, -0.9876883405951378], "cell_48": [-0.8191520442889919, 0.5735764363510459], "cell_42": [-0.9702957262759965, 0.24192189559966773], "cell_126": [-0.6427876096865394, 0.766044443118978], "cell_230": [-0.6293203910498378, -0.7771459614569706], "cell_54": [0.9612616959383189, 0.27563735581699916], "cell_169": [0.4539904997395467, -0.891006524188368], "cell_224": [-0.8090169943749476, -0.5877852522924731], "cell_268": [-0.3907311284892738, 0.9205048534524404], "cell_183": [0.2923717047227368, 0.9563047559630355], "cell_64": [-0.15643446504023106, -0.9876883405951378], "cell_99": [-0.529919264233205, -0.848048096156426], "cell_95": [0.01745240643728313, -0.9998476951563913], "cell_165": [-0.5150380749100545, -0.8571673007021122], "cell_40": [0.9659258262890683, 0.25881904510252074], "cell_96": [0.9659258262890683, -0.2588190451025207], "cell_264": [0.9986295347545739, 0.05233595624294384], "cell_231": [-0.5735764363510464, -0.8191520442889916], "cell_116": [0.19080899537654514, -0.981627183447664], "cell_234": [-0.05233595624294385, 0.9986295347545739], "cell_184": [-0.24192189559966779, -0.9702957262759965], "cell_58": [0.3255681544571563, -0.945518575599317], "cell_55": [-0.7771459614569709, 0.6293203910498374], "cell_205": [0.9563047559630354, 0.29237170472273677], "cell_203": [-0.22495105434386503, 0.9743700647852352], "cell_147": [0.3420201433256689, 0.9396926207859084], "cell_134": [0.9659258262890683, 0.25881904510252074], "cell_263": [0.15643446504023067, -0.9876883405951378], "cell_279": [0.6946583704589974, 0.7193398003386512], "cell_239": [-0.9925461516413221, -0.12186934340514731], "cell_196": [0.838670567945424, -0.544639035015027], "cell_122": [-0.43837114678907774, -0.8987940462991668], "cell_250": [0.9510565162951535, -0.3090169943749477], "cell_130": [0.5735764363510462, -0.8191520442889919], "cell_144": [-0.882947592858927, 0.4694715627858907], "cell_121": [0.9848077530122081, 0.17364817766693036], "cell_266": [-0.8191520442889918, -0.5735764363510462], "cell_90": [1.0, 0.0], "cell_66": [0.9925461516413221, -0.12186934340514723], "cell_114": [0.7986355100472928, -0.6018150231520483], "cell_242": [-0.7193398003386511, -0.6946583704589974], "cell_240": [0.8480480961564261, 0.529919264233205], "cell_162": [0.27563735581699916, 0.9612616959383189], "cell_50": [0.5877852522924731, 0.8090169943749475], "cell_221": [-0.9135454576426008, 0.40673664307580043], "cell_200": [-0.5591929034707468, 0.8290375725550418], "cell_186": [-0.7986355100472928, -0.6018150231520484], "cell_185": [-0.40673664307580026, 0.9135454576426009], "cell_65": [0.17364817766693041, 0.984807753012208]}