{"cell_43": [0.2756373558169994, -0.9612616959383188], "cell_186": [0.5591929034707468, 0.8290375725550417], "cell_140": [-0.35836794954530027, 0.9335804264972017], "cell_103": [0.9659258262890683, 0.25881904510252074], "cell_200": [0.05233595624294395, -0.9986295347545739], "cell_157": [-0.7071067811865475, 0.7071067811865476], "cell_240": [0.9848077530122081, -0.17364817766693041], "cell_170": [0.6946583704589974, 0.7193398003386512], "cell_236": [0.05233595624294395, -0.9986295347545739], "cell_63": [-0.8571673007021123, -0.5150380749100542], "cell_191": [-0.838670567945424, -0.5446390350150271], "cell_65": [-0.1564344650402308, 0.9876883405951378], "cell_41": [-0.10452846326765336, -0.9945218953682734], "cell_184": [0.45399049973954686, 0.8910065241883679], "cell_85": [0.03489949670250108, 0.9993908270190958], "cell_60": [-0.6156614753256581, -0.7880107536067221], "cell_90": [0.8191520442889916, -0.5735764363510465], "cell_234": [-0.8910065241883678, 0.45399049973954686], "cell_160": [0.9396926207859084, -0.3420201433256686], "cell_244": [-0.754709580222772, 0.6560590289905073], "cell_163": [-0.5000000000000004, -0.8660254037844384], "cell_88": [-0.13917310096006535, 0.9902680687415704], "cell_152": [0.3090169943749475, 0.9510565162951536], "cell_156": [0.4848096202463373, -0.8746197071393956], "cell_173": [-0.052335956242944306, -0.9986295347545738], "cell_168": [-0.5591929034707468, 0.8290375725550418], "cell_209": [-0.913545457642601, -0.40673664307580026], "cell_189": [-0.7771459614569708, -0.6293203910498376], "cell_93": [-0.754709580222772, 0.6560590289905073], "cell_195": [-0.052335956242944306, -0.9986295347545738], "cell_177": [-0.1564344650402308, 0.9876883405951378], "cell_83": [-0.7193398003386511, -0.6946583704589974], "cell_221": [-0.898794046299167, 0.4383711467890773], "cell_237": [-0.3907311284892739, -0.9205048534524404], "cell_197": [-0.1908089953765446, -0.981627183447664], "cell_258": [-0.9975640502598243, 0.06975647374412554], "cell_92": [-0.3907311284892738, 0.9205048534524404], "cell_68": [0.9455185755993168, 0.3255681544571567], "cell_192": [0.6018150231520483, 0.7986355100472928], "cell_224": [0.8910065241883679, 0.4539904997395468], "cell_272": [0.8987940462991668, -0.4383711467890778], "cell_125": [0.9998476951563913, -0.01745240643728356], "cell_142": [0.4848096202463371, 0.8746197071393957], "cell_53": [0.24192189559966767, 0.9702957262759965], "cell_257": [-0.22495105434386503, 0.9743700647852352], "cell_72": [-0.6427876096865394, 0.766044443118978], "cell_121": [-0.5877852522924731, 0.8090169943749476], "cell_216": [0.13917310096006547, 0.9902680687415704], "cell_207": [0.5299192642332047, -0.8480480961564262], "cell_243": [0.9335804264972016, -0.3583679495453008], "cell_158": [-0.25881904510252063, -0.9659258262890683], "cell_198": [-0.46947156278589075, -0.882947592858927], "cell_91": [-0.30901699437494734, 0.9510565162951536], "cell_100": [0.9986295347545739, -0.052335956242944376], "cell_239": [0.7660444431189781, 0.6427876096865394], "cell_238": [-0.42261826174069933, 0.90630778703665], "cell_49": [-0.7431448254773942, -0.6691306063588582], "cell_179": [-0.45399049973954697, -0.8910065241883678], "cell_102": [-0.3420201433256687, 0.9396926207859084], "cell_137": [0.40673664307579976, -0.9135454576426011], "cell_40": [-0.5446390350150272, 0.838670567945424], "cell_252": [0.7660444431189781, 0.6427876096865394], "cell_266": [0.9396926207859084, 0.3420201433256687], "cell_253": [0.9455185755993168, -0.3255681544571567], "cell_214": [-0.9945218953682734, -0.10452846326765351], "cell_129": [0.9455185755993168, -0.3255681544571567], "cell_150": [-0.8191520442889919, 0.5735764363510459], "cell_122": [1.0, 0.0], "cell_256": [-0.1908089953765448, 0.981627183447664], "cell_227": [-0.29237170472273666, 0.9563047559630355], "cell_153": [-0.8386705679454239, 0.5446390350150273], "cell_210": [-0.6018150231520485, 0.7986355100472928], "cell_232": [-0.981627183447664, -0.19080899537654472], "cell_199": [-0.48480962024633684, -0.874619707139396], "cell_124": [0.8290375725550417, 0.5591929034707469], "cell_246": [0.8290375725550418, -0.5591929034707466], "cell_58": [-0.6293203910498378, -0.7771459614569706], "cell_139": [-0.5591929034707466, -0.8290375725550418], "cell_136": [0.4848096202463371, 0.8746197071393957], "cell_54": [0.5150380749100542, 0.8571673007021123], "cell_115": [-0.8660254037844387, 0.49999999999999994], "cell_81": [0.40673664307580026, 0.913545457642601], "cell_261": [0.3583679495453004, 0.9335804264972017], "cell_174": [-0.03489949670250076, -0.9993908270190958], "cell_48": [-0.9998476951563913, -0.017452406437283637], "cell_66": [-0.9975640502598243, 0.06975647374412554], "cell_98": [1.0, 0.0], "cell_212": [-0.6691306063588581, -0.7431448254773944], "cell_135": [-0.48480962024633684, -0.874619707139396], "cell_172": [0.7071067811865476, 0.7071067811865475], "cell_260": [0.29237170472273677, -0.9563047559630355], "cell_274": [0.5591929034707468, 0.8290375725550417], "cell_59": [0.9743700647852351, -0.22495105434386534], "cell_147": [-0.3746065934159123, -0.9271838545667873], "cell_110": [0.6691306063588582, 0.7431448254773942], "cell_126": [0.40673664307580026, 0.913545457642601], "cell_51": [0.2588190451025203, -0.9659258262890684], "cell_95": [-0.5446390350150272, 0.838670567945424], "cell_276": [-0.6946583704589974, 0.7193398003386511], "cell_178": [0.6691306063588582, 0.7431448254773942], "cell_218": [-0.9335804264972017, 0.3583679495453002], "cell_223": [0.5000000000000001, -0.8660254037844386], "cell_55": [0.4539904997395467, -0.891006524188368], "cell_235": [-0.8910065241883679, -0.4539904997395467], "cell_162": [-0.1908089953765448, 0.981627183447664], "cell_132": [-0.6560590289905073, -0.754709580222772], "cell_205": [-0.35836794954530027, 0.9335804264972017], "cell_188": [0.9998476951563913, 0.01745240643728351], "cell_130": [-0.22495105434386503, 0.9743700647852352], "cell_73": [-0.2079116908177598, -0.9781476007338056], "cell_50": [0.37460659341591196, 0.9271838545667874], "cell_242": [0.3090169943749475, 0.9510565162951536], "cell_181": [0.29237170472273677, -0.9563047559630355], "cell_131": [0.4848096202463371, 0.8746197071393957], "cell_233": [0.9702957262759965, 0.24192189559966773], "cell_62": [-0.7071067811865477, -0.7071067811865475], "cell_182": [0.3907311284892737, 0.9205048534524404], "cell_225": [0.08715574274765814, 0.9961946980917455], "cell_77": [-0.9702957262759965, 0.24192189559966773], "cell_134": [-0.9702957262759965, 0.24192189559966773], "cell_167": [0.4848096202463371, 0.8746197071393957], "cell_117": [-0.8829475928589269, -0.46947156278589086], "cell_277": [-0.898794046299167, -0.4383711467890775], "cell_250": [0.342020143325669, -0.9396926207859083], "cell_70": [0.5299192642332047, -0.8480480961564262], "cell_165": [0.08715574274765789, -0.9961946980917455], "cell_259": [-0.6560590289905073, -0.754709580222772], "cell_255": [-0.10452846326765357, 0.9945218953682734], "cell_187": [-0.9876883405951378, -0.15643446504023073], "cell_75": [-0.8660254037844387, 0.49999999999999994], "cell_45": [0.46947156278589086, 0.8829475928589269], "cell_151": [-0.6691306063588581, -0.7431448254773944], "cell_229": [-0.9563047559630354, -0.29237170472273677], "cell_219": [0.03489949670250128, -0.9993908270190958], "cell_118": [0.15643446504023067, -0.9876883405951378], "cell_180": [-0.7986355100472928, -0.6018150231520484], "cell_155": [-0.8571673007021122, 0.5150380749100544], "cell_64": [0.25881904510252074, 0.9659258262890683], "cell_148": [-0.9986295347545739, 0.052335956242943814], "cell_114": [0.9975640502598242, -0.06975647374412564], "cell_171": [-0.8660254037844386, -0.5000000000000001], "cell_193": [0.3583679495453004, -0.9335804264972017], "cell_42": [-0.7313537016191705, 0.6819983600624986], "cell_113": [-0.05233595624294385, 0.9986295347545739], "cell_97": [0.8571673007021122, -0.5150380749100546], "cell_196": [0.9876883405951378, 0.15643446504023087],