{"cell_211": [-0.5000000000000004, -0.8660254037844384], "cell_79": [-0.9271838545667874, -0.374606593415912], "cell_39": [-0.3907311284892739, -0.9205048534524404], "cell_213": [-0.838670567945424, -0.5446390350150271], "cell_150": [0.3907311284892735, -0.9205048534524405], "cell_171": [-0.13917310096006535, 0.9902680687415704], "cell_88": [0.9702957262759965, 0.24192189559966773], "cell_117": [-0.9563047559630355, 0.2923717047227366], "cell_207": [-0.4694715627858909, 0.8829475928589269], "cell_144": [0.15643446504023092, 0.9876883405951378], "cell_177": [-0.4226182617406992, -0.9063077870366502], "cell_90": [0.9781476007338057, 0.20791169081775934], "cell_140": [0.9743700647852352, 0.224951054343865], "cell_126": [0.838670567945424, 0.5446390350150271], "cell_169": [0.9335804264972017, 0.35836794954530027], "cell_55": [0.01745240643728313, -0.9998476951563913], "cell_112": [-0.9986295347545739, -0.05233595624294357], "cell_104": [0.40673664307579976, -0.9135454576426011], "cell_111": [0.4848096202463373, -0.8746197071393956], "cell_172": [-0.8660254037844387, 0.49999999999999994], "cell_208": [0.22495105434386492, -0.9743700647852352], "cell_133": [-0.1908089953765446, -0.981627183447664], "cell_67": [-0.90630778703665, -0.4226182617406993], "cell_62": [0.5000000000000001, 0.8660254037844386], "cell_37": [-0.37460659341591207, 0.9271838545667874], "cell_228": [0.5299192642332047, -0.8480480961564262], "cell_119": [0.9781476007338056, -0.20791169081775987], "cell_91": [-0.7986355100472928, -0.6018150231520484], "cell_56": [-0.6560590289905072, 0.7547095802227721], "cell_44": [0.5591929034707468, 0.8290375725550417], "cell_191": [0.13917310096006547, 0.9902680687415704], "cell_167": [-0.9743700647852352, 0.22495105434386523], "cell_170": [-0.15643446504023106, -0.9876883405951378], "cell_93": [-0.017452406437283498, -0.9998476951563913], "cell_76": [-0.48480962024633684, -0.874619707139396], "cell_227": [0.6156614753256583, 0.788010753606722], "cell_94": [-0.9993908270190958, -0.0348994967025009], "cell_198": [-0.9743700647852352, 0.22495105434386523], "cell_46": [0.30901699437494723, -0.9510565162951536], "cell_103": [-0.17364817766693036, -0.9848077530122081], "cell_85": [-0.6018150231520485, 0.7986355100472928], "cell_87": [0.7986355100472928, -0.6018150231520483], "cell_176": [0.9659258262890683, 0.25881904510252074], "cell_82": [0.19080899537654514, -0.981627183447664], "cell_234": [0.46947156278589086, 0.8829475928589269], "cell_35": [0.8746197071393959, 0.4848096202463371], "cell_92": [-0.8290375725550417, 0.559192903470747], "cell_195": [-0.9986295347545739, 0.052335956242943814], "cell_181": [0.7880107536067221, -0.6156614753256582], "cell_42": [0.03489949670250108, 0.9993908270190958], "cell_161": [-0.9743700647852352, 0.22495105434386523], "cell_186": [-0.7771459614569708, -0.6293203910498376], "cell_135": [-0.0697564737441256, -0.9975640502598243], "cell_114": [0.27563735581699916, 0.9612616959383189], "cell_151": [0.9781476007338057, 0.20791169081775934], "cell_116": [0.7193398003386509, -0.6946583704589976], "cell_89": [0.10452846326765347, 0.9945218953682734], "cell_155": [-0.37460659341591207, 0.9271838545667874], "cell_84": [-0.24192189559966779, -0.9702957262759965], "cell_218": [-0.9510565162951536, -0.3090169943749473], "cell_48": [-0.9563047559630355, 0.2923717047227366], "cell_122": [-0.9335804264972017, 0.3583679495453002], "cell_47": [-0.898794046299167, 0.4383711467890773], "cell_212": [-0.7771459614569708, -0.6293203910498376], "cell_66": [0.656059028990507, -0.7547095802227722], "cell_220": [0.8746197071393959, 0.4848096202463371], "cell_120": [1.0, 0.0], "cell_232": [0.9563047559630354, 0.29237170472273677], "cell_75": [0.9848077530122081, -0.17364817766693041], "cell_214": [0.29237170472273677, -0.9563047559630355], "cell_197": [-0.9271838545667874, -0.374606593415912], "cell_58": [0.529919264233205, 0.8480480961564261], "cell_185": [0.10452846326765347, 0.9945218953682734], "cell_147": [-0.529919264233205, -0.848048096156426], "cell_225": [-0.017452406437283498, -0.9998476951563913], "cell_98": [0.6156614753256583, 0.788010753606722], "cell_102": [0.838670567945424, 0.5446390350150271], "cell_203": [-0.9945218953682733, 0.10452846326765373], "cell_73": [-0.8191520442889919, 0.5735764363510459], "cell_160": [0.7660444431189778, -0.6427876096865396], "cell_77": [0.8910065241883679, 0.4539904997395468], "cell_80": [0.4383711467890774, -0.898794046299167], "cell_157": [0.9743700647852352, 0.224951054343865], "cell_192": [6.123233995736766e-17, 1.0], "cell_229": [-0.8386705679454239, 0.5446390350150273], "cell_106": [0.0174524064372836, 0.9998476951563913], "cell_152": [0.01745240643728313, -0.9998476951563913], "cell_96": [0.882947592858927, 0.4694715627858908], "cell_166": [-0.5299192642332048, 0.8480480961564261], "cell_136": [0.7071067811865476, 0.7071067811865475], "cell_175": [0.9998476951563913, 0.01745240643728351], "cell_153": [0.9455185755993168, 0.3255681544571567], "cell_101": [0.882947592858927, 0.4694715627858908], "cell_130": [0.13917310096006547, 0.9902680687415704], "cell_86": [-0.9659258262890683, -0.2588190451025208], "cell_200": [0.913545457642601, -0.4067366430758002], "cell_81": [-0.9945218953682734, -0.10452846326765351], "cell_107": [0.13917310096006547, -0.9902680687415704], "cell_49": [-0.9659258262890683, -0.2588190451025208], "cell_36": [-0.9902680687415704, 0.13917310096006533], "cell_50": [0.8987940462991668, -0.4383711467890778], "cell_100": [-0.5446390350150272, 0.838670567945424], "cell_53": [-0.981627183447664, -0.19080899537654472], "cell_202": [0.9993908270190958, 0.03489949670250097], "cell_189": [-0.08715574274765824, 0.9961946980917455], "cell_51": [-0.45399049973954675, 0.8910065241883679], "cell_105": [-0.8191520442889919, 0.5735764363510459], "cell_60": [-0.4226182617406992, -0.9063077870366502], "cell_156": [-0.017452406437283498, -0.9998476951563913], "cell_99": [0.913545457642601, 0.40673664307580026], "cell_127": [0.4383711467890775, 0.898794046299167], "cell_184": [0.37460659341591196, 0.9271838545667874], "cell_226": [0.3583679495453004, 0.9335804264972017], "cell_204": [-0.40673664307580026, 0.9135454576426009], "cell_41": [-0.7071067811865477, -0.7071067811865475], "cell_139": [0.25881904510252074, 0.9659258262890683], "cell_142": [-0.27563735581699905, 0.9612616959383189], "cell_68": [0.656059028990507, -0.7547095802227722], "cell_217": [-0.9612616959383189, 0.2756373558169992], "cell_108": [-0.9702957262759965, 0.24192189559966773], "cell_233": [-0.8290375725550418, -0.5591929034707467], "cell_57": [0.2923717047227368, 0.9563047559630355], "cell_193": [-0.7986355100472929, 0.6018150231520482], "cell_125": [0.9848077530122081, 0.17364817766693036], "cell_83": [0.17364817766692997, -0.9848077530122081], "cell_187": [-0.08715574274765825, -0.9961946980917455], "cell_52": [0.9063077870366499, 0.42261826174069944], "cell_110": [-0.9945218953682733, 0.10452846326765373], "cell_221": [0.20791169081775948, 0.9781476007338057], "cell_190": [0.6946583704589973, -0.7193398003386512], "cell_121": [-0.9659258262890682, 0.258819045102521], "cell_65": [-0.6156614753256581, -0.7880107536067221], "cell_97": [-0.8090169943749473, 0.5877852522924732], "cell_145": [0.7313537016191706, 0.6819983600624986], "cell_199": [-0.8290375725550417, 0.559192903470747], "cell_149": [0.7880107536067221, -0.6156614753256582], "cell_205": [0.3583679495453004, 0.9335804264972017], "cell_148": [0.6018150231520479, -0.7986355100472932], "cell_109": [-0.35836794954530077, -0.9335804264972016], "cell_38": [-0.8660254037844387, 0.49999999999999994], "cell_124": [-0.4226182617406992, -0.9063077870366502], "cell_123": [-0.9986295347545739, -0.05233595624294357], "cell_118": [-0.24192189559966779, -0.9702957262759965], "cell_159": [0.8660254037844387, 0.49999999999999994], "cell_115": [-0.5735764363510463, 0.8191520442889918], "cell_78": [0.3583679495453004, 0.9335804264972017],