{"cell_222": [0.5000000000000001, 0.8660254037844386], "cell_87": [0.6946583704589973, -0.7193398003386512], "cell_67": [-0.5591929034707468, 0.8290375725550418], "cell_157": [0.30901699437494723, -0.9510565162951536], "cell_180": [0.9945218953682734, -0.10452846326765343], "cell_183": [0.42261826174069944, 0.9063077870366499], "cell_83": [0.6018150231520483, 0.7986355100472928], "cell_40": [-0.7660444431189781, -0.6427876096865394], "cell_224": [-0.529919264233205, -0.848048096156426], "cell_192": [0.4694715627858905, -0.8829475928589272], "cell_160": [-0.9659258262890682, 0.258819045102521], "cell_225": [-0.7193398003386511, -0.6946583704589974], "cell_206": [-0.9455185755993168, 0.3255681544571566], "cell_154": [-0.6018150231520485, 0.7986355100472928], "cell_90": [-0.34202014332566855, -0.9396926207859084], "cell_51": [0.42261826174069966, -0.9063077870366499], "cell_231": [0.3420201433256689, 0.9396926207859084], "cell_216": [0.6819983600624987, -0.7313537016191703], "cell_46": [-0.5877852522924731, 0.8090169943749476], "cell_150": [0.06975647374412525, 0.9975640502598243], "cell_108": [-0.6018150231520483, -0.7986355100472928], "cell_142": [-0.7880107536067219, 0.6156614753256584], "cell_80": [0.9975640502598242, -0.06975647374412564], "cell_93": [-0.052335956242944306, -0.9986295347545738], "cell_200": [-0.6293203910498378, -0.7771459614569706], "cell_77": [0.9848077530122081, -0.17364817766693041], "cell_125": [-0.48480962024633684, -0.874619707139396], "cell_54": [0.8660254037844387, 0.49999999999999994], "cell_62": [-0.529919264233205, -0.848048096156426], "cell_38": [0.3255681544571563, -0.945518575599317], "cell_202": [0.3090169943749475, 0.9510565162951536], "cell_136": [-0.12186934340514737, 0.9925461516413221], "cell_233": [0.8480480961564261, 0.529919264233205], "cell_78": [-0.5735764363510464, -0.8191520442889916], "cell_105": [0.3583679495453004, 0.9335804264972017], "cell_53": [0.30901699437494723, -0.9510565162951536], "cell_219": [0.9396926207859084, 0.3420201433256687], "cell_60": [-0.6427876096865394, 0.766044443118978], "cell_147": [0.6427876096865393, -0.7660444431189781], "cell_210": [-0.544639035015027, -0.8386705679454242], "cell_186": [-0.46947156278589075, -0.882947592858927], "cell_63": [-0.03489949670250076, -0.9993908270190958], "cell_55": [-0.981627183447664, -0.19080899537654472], "cell_162": [0.37460659341591196, -0.9271838545667874], "cell_153": [0.3090169943749475, 0.9510565162951536], "cell_151": [-0.7771459614569708, -0.6293203910498376], "cell_121": [-0.9659258262890682, 0.258819045102521], "cell_45": [0.9986295347545739, -0.052335956242944376], "cell_170": [-0.24192189559966779, 0.9702957262759965], "cell_95": [-0.17364817766693033, 0.9848077530122081], "cell_113": [-0.9993908270190958, -0.0348994967025009], "cell_173": [0.8746197071393959, -0.4848096202463369], "cell_35": [0.9986295347545739, -0.052335956242944376], "cell_107": [0.7313537016191707, -0.6819983600624984], "cell_188": [-0.9271838545667874, -0.374606593415912], "cell_50": [0.9510565162951536, 0.30901699437494745], "cell_100": [0.5150380749100542, 0.8571673007021123], "cell_161": [-0.5735764363510464, -0.8191520442889916], "cell_209": [-0.3746065934159123, -0.9271838545667873], "cell_221": [-0.42261826174069933, 0.90630778703665]}