{"cell_134": [0.7771459614569709, 0.6293203910498374], "cell_196": [0.8290375725550418, -0.5591929034707466], "cell_35": [0.5000000000000001, 0.8660254037844386], "cell_121": [-0.052335956242944306, -0.9986295347545738], "cell_177": [-0.8910065241883679, -0.4539904997395467], "cell_215": [0.8090169943749475, 0.5877852522924731], "cell_151": [0.29237170472273677, -0.9563047559630355], "cell_179": [0.9848077530122081, -0.17364817766693041], "cell_213": [-0.8480480961564261, -0.5299192642332048], "cell_96": [-0.5150380749100545, -0.8571673007021122], "cell_146": [-0.22495105434386503, 0.9743700647852352], "cell_107": [0.3907311284892735, -0.9205048534524405], "cell_71": [0.08715574274765789, -0.9961946980917455], "cell_108": [-0.9510565162951535, 0.3090169943749475], "cell_127": [0.754709580222772, 0.6560590289905073], "cell_231": [-0.9271838545667873, 0.37460659341591224], "cell_226": [-0.898794046299167, -0.4383711467890775], "cell_203": [0.6427876096865393, -0.7660444431189781], "cell_130": [0.6691306063588579, -0.7431448254773947], "cell_88": [0.656059028990507, -0.7547095802227722], "cell_80": [-0.9781476007338057, 0.20791169081775931], "cell_223": [0.9510565162951535, -0.3090169943749477], "cell_89": [0.19080899537654514, -0.981627183447664], "cell_60": [0.4694715627858905, -0.8829475928589272], "cell_154": [-0.8290375725550418, -0.5591929034707467], "cell_97": [0.3907311284892737, 0.9205048534524404], "cell_205": [-0.22495105434386503, 0.9743700647852352], "cell_38": [-0.7547095802227722, -0.6560590289905072], "cell_73": [-0.9396926207859084, 0.34202014332566893], "cell_67": [-0.898794046299167, -0.4383711467890775], "cell_156": [0.5446390350150268, -0.8386705679454244], "cell_194": [-0.017452406437283477, 0.9998476951563913], "cell_230": [-0.6946583704589974, 0.7193398003386511], "cell_84": [-0.4694715627858909, 0.8829475928589269], "cell_62": [-0.9063077870366499, 0.4226182617406995], "cell_229": [0.9945218953682734, 0.10452846326765348], "cell_208": [-0.9335804264972017, -0.3583679495453005], "cell_83": [-0.3420201433256687, 0.9396926207859084], "cell_183": [0.9781476007338057, 0.20791169081775934], "cell_143": [0.46947156278589086, 0.8829475928589269], "cell_157": [0.8090169943749473, -0.5877852522924734], "cell_163": [-0.6691306063588582, 0.7431448254773942], "cell_123": [0.8571673007021123, 0.5150380749100542], "cell_74": [-0.7313537016191705, 0.6819983600624986], "cell_118": [0.9205048534524404, 0.39073112848927377], "cell_188": [-0.05233595624294385, 0.9986295347545739], "cell_75": [0.8660254037844384, -0.5000000000000004], "cell_86": [0.6018150231520479, -0.7986355100472932], "cell_137": [0.5735764363510462, 0.8191520442889919], "cell_169": [-0.7193398003386513, 0.6946583704589971], "cell_206": [-0.981627183447664, -0.19080899537654472], "cell_101": [0.7771459614569706, -0.6293203910498378], "cell_197": [-0.7986355100472928, -0.6018150231520484], "cell_189": [-0.6156614753256583, 0.788010753606722], "cell_119": [0.9993908270190958, -0.034899496702500823], "cell_87": [-0.9975640502598243, -0.06975647374412529], "cell_61": [-0.8829475928589269, -0.46947156278589086], "cell_233": [-0.9998476951563913, 0.01745240643728344], "cell_161": [-0.35836794954530077, -0.9335804264972016], "cell_212": [0.9781476007338056, -0.20791169081775987], "cell_204": [-0.6560590289905072, 0.7547095802227721], "cell_186": [0.01745240643728313, -0.9998476951563913], "cell_55": [0.9510565162951536, 0.30901699437494745], "cell_172": [0.981627183447664, 0.1908089953765448], "cell_104": [0.656059028990507, -0.7547095802227722], "cell_180": [-0.898794046299167, 0.4383711467890773], "cell_171": [0.10452846326765347, 0.9945218953682734], "cell_187": [-0.5446390350150272, 0.838670567945424], "cell_124": [0.6156614753256585, -0.7880107536067218], "cell_85": [-0.6560590289905073, -0.754709580222772], "cell_94": [-0.8746197071393959, -0.48480962024633695], "cell_138": [0.6427876096865394, 0.766044443118978], "cell_90": [0.40673664307580026, 0.913545457642601], "cell_150": [-0.7880107536067221, -0.6156614753256583], "cell_198": [0.9993908270190958, 0.03489949670250097], "cell_79": [-0.3907311284892739, -0.9205048534524404], "cell_98": [0.9781476007338056, -0.20791169081775987], "cell_225": [0.754709580222772, 0.6560590289905073], "cell_221": [0.6819983600624987, -0.7313537016191703], "cell_176": [-0.9271838545667874, -0.374606593415912], "cell_105": [-0.9945218953682733, 0.10452846326765373], "cell_40": [-0.9455185755993168, -0.3255681544571568], "cell_82": [0.7880107536067219, 0.6156614753256583], "cell_168": [-0.4067366430758001, -0.913545457642601], "cell_209": [0.40673664307579976, -0.9135454576426011], "cell_58": [0.8660254037844387, 0.49999999999999994], "cell_140": [-0.6156614753256583, 0.788010753606722], "cell_201": [-0.898794046299167, 0.4383711467890773], "cell_106": [0.8746197071393959, 0.4848096202463371], "cell_133": [-0.0697564737441256, -0.9975640502598243], "cell_145": [-0.8910065241883679, -0.4539904997395467], "cell_182": [-0.8480480961564261, -0.5299192642332048], "cell_153": [0.9925461516413221, -0.12186934340514723], "cell_142": [-0.9975640502598243, 0.06975647374412554], "cell_227": [-0.7193398003386513, 0.6946583704589971], "cell_131": [0.9335804264972016, -0.3583679495453008], "cell_125": [0.20791169081775948, 0.9781476007338057], "cell_166": [-0.5000000000000004, -0.8660254037844384], "cell_120": [-0.7771459614569709, 0.6293203910498374], "cell_112": [0.2923717047227368, 0.9563047559630355], "cell_219": [-0.882947592858927, 0.4694715627858907], "cell_95": [0.9993908270190958, 0.03489949670250097], "cell_199": [-0.9563047559630355, 0.2923717047227366], "cell_178": [0.4383711467890775, 0.898794046299167], "cell_69": [0.7660444431189781, 0.6427876096865394], "cell_110": [0.9335804264972016, -0.3583679495453008], "cell_63": [-0.13917310096006583, -0.9902680687415703], "cell_228": [0.913545457642601, 0.40673664307580026], "cell_129": [0.4383711467890774, -0.898794046299167], "cell_46": [0.5735764363510462, -0.8191520442889919], "cell_164": [-0.052335956242944306, -0.9986295347545738], "cell_224": [0.9961946980917455, -0.08715574274765832], "cell_128": [0.37460659341591196, -0.9271838545667874], "cell_48": [-0.7880107536067221, -0.6156614753256583], "cell_167": [0.08715574274765814, 0.9961946980917455], "cell_126": [-0.9659258262890682, 0.258819045102521], "cell_165": [-0.052335956242944306, -0.9986295347545738], "cell_59": [-0.981627183447664, -0.19080899537654472], "cell_192": [-0.9455185755993168, 0.3255681544571566], "cell_193": [-0.7431448254773942, -0.6691306063588582], "cell_132": [0.9945218953682734, 0.10452846326765348], "cell_200": [-0.5150380749100543, 0.8571673007021123], "cell_175": [0.9975640502598243, 0.06975647374412532], "cell_185": [-0.6560590289905072, 0.7547095802227721], "cell_70": [-0.45399049973954675, 0.8910065241883679], "cell_211": [-0.9876883405951378, 0.156434465040231], "cell_115": [-0.34202014332566855, -0.9396926207859084], "cell_214": [0.8660254037844384, -0.5000000000000004], "cell_174": [-0.7313537016191705, 0.6819983600624986], "cell_50": [0.06975647374412522, -0.9975640502598243], "cell_234": [0.9998476951563913, 0.01745240643728351], "cell_122": [0.8910065241883679, 0.4539904997395468], "cell_52": [0.754709580222772, 0.6560590289905073], "cell_190": [-0.5735764363510463, 0.8191520442889918], "cell_65": [-0.9961946980917455, 0.0871557427476582], "cell_158": [-0.25881904510252085, 0.9659258262890683], "cell_210": [-0.9510565162951535, 0.3090169943749475], "cell_64": [0.9925461516413221, 0.12186934340514749], "cell_36": [0.8191520442889919, 0.5735764363510462], "cell_78": [-0.9743700647852352, -0.22495105434386498]}