{"cell_52": [-0.9396926207859084, 0.34202014332566893], "cell_58": [-0.8191520442889918, -0.5735764363510462], "cell_89": [-0.29237170472273716, -0.9563047559630354], "cell_190": [0.25881904510252074, 0.9659258262890683], "cell_122": [-0.32556815445715664, 0.9455185755993168], "cell_96": [0.9848077530122081, 0.17364817766693036], "cell_118": [0.6293203910498374, 0.7771459614569709], "cell_175": [0.20791169081775948, -0.9781476007338057], "cell_65": [0.2588190451025203, -0.9659258262890684], "cell_232": [0.5150380749100542, -0.8571673007021123], "cell_231": [-0.42261826174069933, 0.90630778703665], "cell_212": [0.7071067811865474, -0.7071067811865477], "cell_206": [0.8290375725550418, -0.5591929034707466], "cell_50": [-0.9902680687415704, 0.13917310096006533], "cell_104": [-1.8369701987210297e-16, -1.0], "cell_159": [0.3907311284892737, 0.9205048534524404], "cell_140": [0.913545457642601, -0.4067366430758002], "cell_114": [0.9961946980917455, -0.08715574274765832], "cell_214": [-0.6427876096865395, -0.7660444431189779], "cell_167": [-0.7431448254773942, -0.6691306063588582], "cell_215": [-0.8829475928589269, -0.46947156278589086], "cell_70": [-0.9743700647852352, 0.22495105434386523], "cell_59": [-0.34202014332566855, -0.9396926207859084], "cell_109": [-0.7771459614569709, 0.6293203910498374], "cell_55": [0.22495105434386492, 0.9743700647852352], "cell_67": [-0.9986295347545739, -0.05233595624294357], "cell_170": [-0.25881904510252063, -0.9659258262890683], "cell_151": [0.8571673007021122, -0.5150380749100546], "cell_201": [0.42261826174069944, 0.9063077870366499], "cell_103": [-0.7880107536067221, -0.6156614753256583], "cell_164": [-0.90630778703665, -0.4226182617406993], "cell_130": [0.9396926207859084, 0.3420201433256687], "cell_218": [-0.898794046299167, -0.4383711467890775], "cell_229": [-0.8290375725550418, -0.5591929034707467], "cell_39": [0.9271838545667874, 0.374606593415912], "cell_169": [-0.898794046299167, 0.4383711467890773], "cell_72": [-0.9876883405951378, 0.156434465040231], "cell_165": [-0.9993908270190958, 0.03489949670250114], "cell_117": [0.8571673007021122, -0.5150380749100546], "cell_199": [-0.8660254037844386, -0.5000000000000001], "cell_196": [0.3583679495453004, 0.9335804264972017], "cell_73": [0.838670567945424, -0.544639035015027], "cell_225": [0.9993908270190958, 0.03489949670250097], "cell_223": [0.20791169081775948, 0.9781476007338057], "cell_106": [0.6293203910498374, 0.7771459614569709], "cell_79": [0.45399049973954686, 0.8910065241883679], "cell_209": [-0.882947592858927, 0.4694715627858907], "cell_200": [-0.5591929034707466, -0.8290375725550418], "cell_90": [0.3583679495453004, -0.9335804264972017], "cell_101": [0.03489949670250128, -0.9993908270190958], "cell_43": [0.7986355100472928, 0.6018150231520483], "cell_203": [-0.15643446504023106, -0.9876883405951378], "cell_45": [0.37460659341591196, -0.9271838545667874], "cell_155": [-0.7193398003386513, 0.6946583704589971], "cell_133": [0.8660254037844384, -0.5000000000000004], "cell_46": [-0.8290375725550418, -0.5591929034707467], "cell_173": [-0.5735764363510463, 0.8191520442889918], "cell_161": [-1.0, 1.2246467991473532e-16], "cell_220": [-0.5591929034707466, -0.8290375725550418], "cell_156": [1.0, 0.0], "cell_128": [0.4848096202463373, -0.8746197071393956], "cell_108": [-0.08715574274765825, -0.9961946980917455], "cell_40": [0.22495105434386492, -0.9743700647852352], "cell_92": [0.46947156278589086, 0.8829475928589269], "cell_98": [0.8191520442889919, 0.5735764363510462], "cell_228": [-0.8910065241883679, -0.4539904997395467], "cell_213": [-0.48480962024633684, -0.874619707139396], "cell_154": [-0.45399049973954697, -0.8910065241883678], "cell_35": [0.5735764363510462, 0.8191520442889919], "cell_146": [0.7431448254773944, -0.6691306063588581], "cell_147": [0.90630778703665, -0.4226182617406992], "cell_102": [0.7071067811865474, -0.7071067811865477], "cell_216": [0.9702957262759965, 0.24192189559966773], "cell_150": [-0.9986295347545739, -0.05233595624294357], "cell_132": [0.5000000000000001, 0.8660254037844386], "cell_195": [-0.8480480961564261, -0.5299192642332048], "cell_176": [-0.9702957262759965, 0.24192189559966773], "cell_153": [-0.9335804264972017, 0.3583679495453002], "cell_41": [0.9876883405951378, 0.15643446504023087], "cell_127": [0.898794046299167, 0.43837114678907746], "cell_115": [0.2756373558169994, -0.9612616959383188], "cell_208": [0.9945218953682734, -0.10452846326765343], "cell_188": [-0.034899496702500955, 0.9993908270190958], "cell_162": [0.22495105434386492, -0.9743700647852352], "cell_157": [-0.981627183447664, -0.19080899537654472], "cell_110": [-0.484809620246337, 0.8746197071393959], "cell_88": [-0.4226182617406992, -0.9063077870366502], "cell_60": [0.898794046299167, 0.43837114678907746], "cell_191": [0.4383711467890775, 0.898794046299167], "cell_69": [-0.5735764363510464, -0.8191520442889916], "cell_204": [0.9396926207859084, -0.3420201433256686], "cell_136": [-0.882947592858927, 0.4694715627858907], "cell_143": [-0.9335804264972017, -0.3583679495453005], "cell_77": [-0.24192189559966779, -0.9702957262759965], "cell_144": [-0.9961946980917455, 0.0871557427476582], "cell_126": [-0.7660444431189781, -0.6427876096865394], "cell_129": [0.6427876096865394, 0.766044443118978], "cell_194": [-0.13917310096006583, -0.9902680687415703], "cell_125": [-0.7431448254773942, -0.6691306063588582], "cell_76": [0.9876883405951378, 0.15643446504023087], "cell_63": [0.08715574274765814, 0.9961946980917455], "cell_217": [0.7880107536067219, 0.6156614753256583], "cell_119": [0.8660254037844387, 0.49999999999999994], "cell_139": [-0.30901699437494734, 0.9510565162951536], "cell_111": [0.9335804264972016, -0.3583679495453008], "cell_184": [-0.4226182617406992, -0.9063077870366502], "cell_95": [0.25881904510252074, 0.9659258262890683], "cell_97": [0.40673664307580026, 0.913545457642601], "cell_197": [0.7071067811865474, -0.7071067811865477], "cell_207": [-0.9271838545667874, -0.374606593415912], "cell_42": [0.4848096202463371, 0.8746197071393957], "cell_138": [0.9455185755993168, 0.3255681544571567], "cell_226": [-0.9993908270190958, 0.03489949670250114], "cell_134": [-0.5000000000000004, -0.8660254037844384], "cell_61": [-0.3907311284892738, 0.9205048534524404], "cell_180": [-0.9335804264972017, -0.3583679495453005], "cell_210": [-0.5150380749100545, -0.8571673007021122], "cell_93": [0.898794046299167, 0.43837114678907746], "cell_178": [0.05233595624294397, 0.9986295347545739], "cell_112": [0.9945218953682734, 0.10452846326765348], "cell_56": [0.24192189559966767, 0.9702957262759965], "cell_172": [0.9975640502598242, -0.06975647374412564], "cell_219": [0.8290375725550417, 0.5591929034707469], "cell_211": [0.9945218953682734, 0.10452846326765348], "cell_189": [0.5150380749100542, 0.8571673007021123], "cell_99": [-0.9510565162951535, 0.3090169943749475], "cell_141": [0.03489949670250128, -0.9993908270190958], "cell_87": [-0.29237170472273716, -0.9563047559630354], "cell_116": [-0.6156614753256583, 0.788010753606722], "cell_86": [-0.9659258262890682, 0.258819045102521], "cell_163": [-0.3907311284892739, -0.9205048534524404], "cell_202": [-0.32556815445715664, -0.9455185755993168], "cell_82": [1.0, 0.0], "cell_44": [-0.45399049973954675, 0.8910065241883679], "cell_145": [-0.9902680687415704, -0.13917310096006555], "cell_158": [-0.1908089953765448, 0.981627183447664], "cell_37": [0.5877852522924731, 0.8090169943749475], "cell_54": [-0.22495105434386528, -0.9743700647852352], "cell_38": [0.7193398003386509, -0.6946583704589976], "cell_84": [-0.9659258262890683, -0.2588190451025208], "cell_123": [-0.9993908270190958, 0.03489949670250114], "cell_185": [0.08715574274765789, -0.9961946980917455], "cell_81": [0.24192189559966745, -0.9702957262759966], "cell_74": [0.9702957262759965, 0.24192189559966773], "cell_230": [0.08715574274765789, -0.9961946980917455], "cell_83": [0.30901699437494723, -0.9510565162951536], "cell_205": [0.8571673007021122, -0.5150380749100546],